"id","city","company_name","title","url","contract_type","company_sector","user_experience","keyword","created_date","provider"
"b52fa4301aee4bb0ad88dfb768c458f4","Bordeaux","FieldBox.ai","data-scientist-r-d_bordeaux","https://www.welcometothejungle.co/companies/fieldbox-ai/jobs/data-scientist-r-d_bordeaux","Full-Time","IT / Digital Artificial Intelligence / Machine Learning Big Data","0.5 years","data scientist","2019-10-31 14:02:50.026","wttj"
"eb8f25e3f9dcf931260e2701b964b939","Bordeaux","FieldBox.ai","data-scientist_bordeaux","https://www.welcometothejungle.co/companies/fieldbox-ai/jobs/data-scientist_bordeaux","Full-Time","IT / Digital Artificial Intelligence / Machine Learning Big Data","0 years","data scientist","2019-10-31 14:02:25.033","wttj"
"7cea79366977f9792555b131484c5fb1","Bordeaux","Zenika","data-ingenieur-f-h_bordeaux","https://www.welcometothejungle.co/companies/zenika/jobs/data-ingenieur-f-h_bordeaux","Full-Time","IT / Digital","3 years","big data","2019-10-15 19:27:58.253","wttj"
"f02b111afbe1d8c1e65acf9a740f77de","Bordeaux","Zenika","data-ingenieur-f-h_bordeaux","https://www.welcometothejungle.co/companies/zenika/jobs/data-ingenieur-f-h_bordeaux","Full-Time","IT / Digital","3 years","big data","2019-10-15 19:27:58.253","wttj"
"797ff72c1099a580bce4d1eb917c6003","Bordeaux","Groupe Astek","ingenieur-business-intelligence_bordeaux","https://www.welcometothejungle.co/companies/groupe-astek/jobs/ingenieur-business-intelligence_bordeaux","Full-Time","Aeronautics / Space Electronics / Telecommunications IT / Digital","1 years","big data","2019-10-28 17:26:32.308","wttj"
"510c1def893b4c4250738433c00a5b58","Bordeaux","Back Market","senior-data-engineer_ile-de-france","https://www.welcometothejungle.co/companies/back-market/jobs/senior-data-engineer_ile-de-france","Full-Time","Collaborative Economy E-commerce Environment / Sustainable Development","4 years","big data","2019-10-03 15:58:33.61","wttj"
"3f0c9cfe5a63deb46f891d36f10b32a2","Bordeaux","Back Market","senior-data-engineer_ile-de-france","https://www.welcometothejungle.co/companies/back-market/jobs/senior-data-engineer_ile-de-france","Full-Time","Collaborative Economy E-commerce Environment / Sustainable Development","4 years","big data","2019-10-03 15:58:33.61","wttj"
"fc844153775aafbe8c5246f44d3ac4d1","Bordeaux","Back Market","senior-data-engineer_ile-de-france","https://www.welcometothejungle.co/companies/back-market/jobs/senior-data-engineer_ile-de-france","Full-Time","Collaborative Economy E-commerce Environment / Sustainable Development","4 years","big data","2019-10-03 15:58:33.61","wttj"
"14655c37552fa3021688c8bd0144255d","Bordeaux","Chandago","backend-software-engineer-h-f_bordeaux","https://www.welcometothejungle.co/companies/chandago/jobs/backend-software-engineer-h-f_bordeaux","Full-Time","Blockchain IT / Digital","2 years","big data","2019-10-14 10:47:26.806","wttj"
"423790d03fc9a41428e0734878c4c25c","Bordeaux","Chandago","backend-blockchain-engineer-h-f_bordeaux","https://www.welcometothejungle.co/companies/chandago/jobs/backend-blockchain-engineer-h-f_bordeaux","Full-Time","Blockchain IT / Digital","3 years","big data","2019-10-14 10:47:37.033","wttj"
"73ec7c9782bbbb242e3a8936ddc56f5b","Bordeaux","scalian","Data Scientist H/F ","https://scalian.talent-soft.com/offre-de-emploi/emploi-data-scientist-h-f_4909.aspx","cdi",NULL,NULL,"data scientist","2019-02-05 04:07:25","wizbii"
"e64154f7b6b72988d02ea1cc9a1c5af8","Bordeaux","JOBIJOBA","data-scientist_bordeaux_JOBIJ_o6DKZWO","https://www.welcometothejungle.co/companies/jobijoba/jobs/data-scientist_bordeaux_JOBIJ_o6DKZWO","Full-Time","Big Data Recruitment","3 years","data scientist","2019-10-17 15:17:05.818","wttj"
"24459361b7cb071e86179e3a49651a5e","Bordeaux","JOBIJOBA","data-scientist_bordeaux_JOBIJ_o6DKZWO","https://www.welcometothejungle.co/companies/jobijoba/jobs/data-scientist_bordeaux_JOBIJ_o6DKZWO","Full-Time","Big Data Recruitment","3 years","data scientist","2019-10-17 15:17:05.818","wttj"
"2ede2eac1247b76efc92da6212a906f9","Bordeaux","JOBIJOBA","devops-sre_bordeaux_JOBIJ_k81Yd5z","https://www.welcometothejungle.co/companies/jobijoba/jobs/devops-sre_bordeaux_JOBIJ_k81Yd5z","Full-Time","Big Data Recruitment","3 years","devops","2019-10-15 16:23:51.248","wttj"
"bcb6c1455db3b410f49563d0172e2f0f","Bordeaux","JOBIJOBA","devops-sre_bordeaux_JOBIJ_k81Yd5z","https://www.welcometothejungle.co/companies/jobijoba/jobs/devops-sre_bordeaux_JOBIJ_k81Yd5z","Full-Time","Big Data Recruitment","3 years","devops","2019-10-15 16:23:51.248","wttj"
"f1ca429e7a6c3cd1cf80c7ece3d157ab","Bordeaux","Hubstairs","data-scientist_bordeaux","https://www.welcometothejungle.co/companies/hubstairs/jobs/data-scientist_bordeaux","Full-Time","Interior Design Architecture Digital","3 years","data scientist","2019-10-04 11:59:45.538","wttj"
"eb662c243df66caeaf3bc9146043690d","Bordeaux","FieldBox.ai","internship-data-scientist-bordeaux_bordeaux","https://www.welcometothejungle.co/companies/fieldbox-ai/jobs/internship-data-scientist-bordeaux_bordeaux","Internship","IT / Digital Artificial Intelligence / Machine Learning Big Data","0 years","data scientist","2019-10-31 14:04:20.298","wttj"
"abd68f59e098d83d646d31e5b5e1f027","Bordeaux","AVISIA","stage-consultant-data-scientist-bordeaux_paris","https://www.welcometothejungle.co/companies/avisia/jobs/stage-consultant-data-scientist-bordeaux_paris","Internship","IT / Digital Big Data","0 years","data scientist","2019-10-29 13:45:46.83","wttj"
"f56862dafa20a6ba781472cd73edeab7","Bordeaux","AVISIA","stage-consultant-data-scientist-bordeaux_paris","https://www.welcometothejungle.co/companies/avisia/jobs/stage-consultant-data-scientist-bordeaux_paris","Internship","IT / Digital Big Data","0 years","data scientist","2019-10-29 13:45:46.83","wttj"
"daead18069ae4b5b618d5ee64e70b5f2","Bordeaux","Synapse Medicine","f-h-data-scientist-machine-learning-nlp_bordeaux","https://www.welcometothejungle.co/companies/Synapse Medicine/jobs/f-h-data-scientist-machine-learning-nlp_bordeaux","Full-Time","","0 years","data scientist","2019-10-03 10:43:53.779","wttj"
"8501b4fdbca1eaf0bf33a401b6c2a284","Bordeaux","INVIVOO","developpeur-android-h-f_bordeaux","https://www.welcometothejungle.co/companies/invivoo/jobs/developpeur-android-h-f_bordeaux","Full-Time","Software Finance IT / Digital","1 years","data scientist","2019-09-27 18:06:31.886","wttj"
"e28c4f0b3a18688042138ead8e66f639","Bordeaux","MWM","developpeur-ios_bordeaux_MWM_1d9pVad","https://www.welcometothejungle.co/companies/mwm/jobs/developpeur-ios_bordeaux_MWM_1d9pVad","Full-Time","Music Mobile Apps Connected Objects","0 years","data scientist","2019-10-24 16:20:45.018","wttj"
"6d5290ff8ee31c99c8e160135c792848","Bordeaux","MWM","developpeur-ios_bordeaux_MWM_1d9pVad","https://www.welcometothejungle.co/companies/mwm/jobs/developpeur-ios_bordeaux_MWM_1d9pVad","Full-Time","Music Mobile Apps Connected Objects","0 years","data scientist","2019-10-24 16:20:45.018","wttj"
"bbf0e0d119bc4744f4b06e476a4ae2f9","Bordeaux","FieldBox.ai","head-of-software-engineering_bordeaux","https://www.welcometothejungle.co/companies/fieldbox-ai/jobs/head-of-software-engineering_bordeaux","Full-Time","IT / Digital Artificial Intelligence / Machine Learning Big Data","7 years","data scientist","2019-10-31 14:03:42.275","wttj"
"e3f8f7f509755ab50755160be1924ef2","Bordeaux","FieldBox.ai","director-administration-and-finance_bordeaux","https://www.welcometothejungle.co/companies/fieldbox-ai/jobs/director-administration-and-finance_bordeaux","Full-Time","IT / Digital Artificial Intelligence / Machine Learning Big Data","7 years","data scientist","2019-10-31 14:03:21.909","wttj"
"43d7b86117466431cde4d070f9dc0cf8","Bordeaux","Technique Solaire","cartographe-projets-photovoltaiques-sol_bordeaux","https://www.welcometothejungle.co/companies/technique-solaire/jobs/cartographe-projets-photovoltaiques-sol_bordeaux","Full-Time","Energy Environment / Sustainable Development","1 years","data engineer","2019-10-14 16:00:56.853","wttj"
"bad05a14792ab81ff65f4a98eb4198b4","Bordeaux","INVIVOO","database-administrator-h-f_bordeaux","https://www.welcometothejungle.co/companies/invivoo/jobs/database-administrator-h-f_bordeaux","Full-Time","Software IT / Digital Finance","1 years","data engineer","2019-09-27 18:00:17.356","wttj"
"d2da4402b7f1e4419f6280d612bfb11a","Bordeaux","dydu","ingenieur-devops_bordeaux","https://www.welcometothejungle.co/companies/do-you-dream-up/jobs/ingenieur-devops_bordeaux","Full-Time","SaaS / Cloud Services Software Artificial Intelligence / Machine Learning","3 years","devops","2019-10-29 13:12:50.927","wttj"
"796600e27d5d86869911056e5546c1e5","Bordeaux","INVIVOO","ingenieur-devops-h-f_bordeaux","https://www.welcometothejungle.co/companies/invivoo/jobs/ingenieur-devops-h-f_bordeaux","Full-Time","Software Finance IT / Digital","1 years","devops","2019-09-27 18:12:07.883","wttj"
"a6d9ba843ca48cd0c88ccd7e4055ed8d","Bordeaux","FieldBox.ai","back-end-engineer_bordeaux","https://www.welcometothejungle.co/companies/fieldbox-ai/jobs/back-end-engineer_bordeaux","Full-Time","IT / Digital Artificial Intelligence / Machine Learning Big Data","1 years","data engineer","2019-10-31 14:02:08.289","wttj"
"93744cdbe226f2b1f60d95bd8a25ced0","Bordeaux","FieldBox.ai","internship-customer-success-bordeaux_bordeaux","https://www.welcometothejungle.co/companies/fieldbox-ai/jobs/internship-customer-success-bordeaux_bordeaux","Internship","IT / Digital Artificial Intelligence / Machine Learning Big Data","0 years","data engineer","2019-10-31 14:04:13.451","wttj"
"e5d77701e817f680b9c002acfd4bded5","Bordeaux","FieldBox.ai","customer-support-engineer_bordeaux","https://www.welcometothejungle.co/companies/fieldbox-ai/jobs/customer-support-engineer_bordeaux","Full-Time","IT / Digital Artificial Intelligence / Machine Learning Big Data","0 years","data engineer","2019-10-31 14:02:14.398","wttj"
"6f8c1b0c6bba20407b839caf46ea26c5","Bordeaux","FieldBox.ai","sales_bordeaux","https://www.welcometothejungle.co/companies/fieldbox-ai/jobs/sales_bordeaux","Full-Time","IT / Digital Artificial Intelligence / Machine Learning Big Data","5 years","data engineer","2019-10-31 14:04:38.664","wttj"
"86775ddc004999c324d1af271a20dd8d","Bordeaux","FieldBox.ai","forward-deployed-engineer_bordeaux","https://www.welcometothejungle.co/companies/fieldbox-ai/jobs/forward-deployed-engineer_bordeaux","Full-Time","IT / Digital Artificial Intelligence / Machine Learning Big Data","1 years","data engineer","2019-10-31 14:03:04.619","wttj"
"56e2db8ddad951e139fc2ed793961432","Bordeaux","FieldBox.ai","presales-consultant_bordeaux","https://www.welcometothejungle.co/companies/fieldbox-ai/jobs/presales-consultant_bordeaux","Full-Time","IT / Digital Artificial Intelligence / Machine Learning Big Data","2 years","data engineer","2019-10-31 14:04:50.998","wttj"
"efe4fb8749519f3d3c73d272ab4a4978","Bordeaux","ManoMano","security-engineer-h-f_paris","https://www.welcometothejungle.co/companies/manomano/jobs/security-engineer-h-f_paris","Full-Time","E-commerce","5 years","data engineer","2019-10-29 16:04:51.363","wttj"
"3f9b74e64af203dc8522ca81c1290322","Bordeaux","ManoMano","security-engineer-h-f_paris","https://www.welcometothejungle.co/companies/manomano/jobs/security-engineer-h-f_paris","Full-Time","E-commerce","5 years","data engineer","2019-10-29 16:04:51.363","wttj"
"88a64ac74a16ade7460a10a5e4b645c8","Bordeaux","ManoMano","security-engineer-h-f_paris","https://www.welcometothejungle.co/companies/manomano/jobs/security-engineer-h-f_paris","Full-Time","E-commerce","5 years","data engineer","2019-10-29 16:04:51.363","wttj"
"ab4902d534dd4e0f36855c46ec7285ef","Bordeaux","GEKKO","ingenieur-cloud-devops_bordeaux","https://www.welcometothejungle.co/companies/gekko/jobs/ingenieur-cloud-devops_bordeaux","Full-Time","SaaS / Cloud Services IT / Digital","0.5 years","devops","2019-10-11 11:12:22.506","wttj"
"17e44e813a117db986f4be48bafd0525","Bordeaux","GEKKO","architecte-cloud-devops_bordeaux","https://www.welcometothejungle.co/companies/gekko/jobs/architecte-cloud-devops_bordeaux","Full-Time","SaaS / Cloud Services IT / Digital","5 years","devops","2019-10-11 11:11:24.407","wttj"
"ed9b00f587a9878a356fd538fd3c772d","Bordeaux","Zenika","consultant-devops-bordeaux-f-h_bordeaux","https://www.welcometothejungle.co/companies/zenika/jobs/consultant-devops-bordeaux-f-h_bordeaux","Full-Time","IT / Digital","2 years","devops","2019-09-30 18:36:51.375","wttj"
"a3ff218a05ab556366a6b528119956cd","Bordeaux","Zenika","consultant-devops-bordeaux-f-h_bordeaux","https://www.welcometothejungle.co/companies/zenika/jobs/consultant-devops-bordeaux-f-h_bordeaux","Full-Time","IT / Digital","2 years","devops","2019-09-30 18:36:51.375","wttj"
"53d17eaf75b6043554dc0b8210cb6a0e","Bordeaux","ManoMano","qa-engineer_bordeaux","https://www.welcometothejungle.co/companies/manomano/jobs/qa-engineer_bordeaux","Full-Time","E-commerce","1 years","data engineer","2019-09-06 11:51:12.954","wttj"
"85df5ee3e0f6e1cc1c037862fd68c3dc","Bordeaux","ManoMano","qa-engineer_bordeaux","https://www.welcometothejungle.co/companies/manomano/jobs/qa-engineer_bordeaux","Full-Time","E-commerce","1 years","data engineer","2019-09-06 11:51:12.954","wttj"
"3f2d22021be4ade6ff1fd1508aeb8211","Bordeaux","ManoMano","qa-engineer_bordeaux","https://www.welcometothejungle.co/companies/manomano/jobs/qa-engineer_bordeaux","Full-Time","E-commerce","1 years","data engineer","2019-09-06 11:51:12.954","wttj"
"be4dfeb948fabb8f57c1583beb25c40c","Bordeaux","FieldBox.ai","devops_bordeaux","https://www.welcometothejungle.co/companies/fieldbox-ai/jobs/devops_bordeaux","Full-Time","IT / Digital Artificial Intelligence / Machine Learning Big Data","0 years","data engineer","2019-10-31 14:04:44.807","wttj"
"9661cbeb1760008f12780c6ce129bbc7","Bordeaux","FieldBox.ai","front-end-engineer_bordeaux","https://www.welcometothejungle.co/companies/fieldbox-ai/jobs/front-end-engineer_bordeaux","Full-Time","IT / Digital Artificial Intelligence / Machine Learning Big Data","0 years","data engineer","2019-10-31 14:03:28.787","wttj"
"0a52d63df47d3f98d226a2d9c209bf8e","Bordeaux","ManoMano","security-engineer-h-f_bordeaux","https://www.welcometothejungle.co/companies/manomano/jobs/security-engineer-h-f_bordeaux","Full-Time","E-commerce","5 years","data engineer","2019-10-29 16:04:24.326","wttj"
"0c37c0992c7edd10b4e1709ce6d62801","Bordeaux","ManoMano","security-engineer-h-f_bordeaux","https://www.welcometothejungle.co/companies/manomano/jobs/security-engineer-h-f_bordeaux","Full-Time","E-commerce","5 years","data engineer","2019-10-29 16:04:24.326","wttj"
"fbe23af1280220b85dad7fa3e5584a53","Bordeaux","ManoMano","security-engineer-h-f_bordeaux","https://www.welcometothejungle.co/companies/manomano/jobs/security-engineer-h-f_bordeaux","Full-Time","E-commerce","5 years","data engineer","2019-10-29 16:04:24.326","wttj"
"843c8a4d60e97b538e95f25f36ba4f0a","Bordeaux","dydu","ingenieur-systeme_bordeaux","https://www.welcometothejungle.co/companies/do-you-dream-up/jobs/ingenieur-systeme_bordeaux","Full-Time","SaaS / Cloud Services Software Artificial Intelligence / Machine Learning","3 years","devops","2019-10-29 13:07:15.378","wttj"
"654b07710a1fa88e77c8a843718bb63c","Bordeaux","ManoMano","product-manager_bordeaux","https://www.welcometothejungle.co/companies/manomano/jobs/product-manager_bordeaux","Full-Time","E-commerce","5 years","data engineer","2019-10-31 16:23:44.34","wttj"
"15b528627756d26a447f5fee877c4734","Bordeaux","ManoMano","product-manager_bordeaux","https://www.welcometothejungle.co/companies/manomano/jobs/product-manager_bordeaux","Full-Time","E-commerce","5 years","data engineer","2019-10-31 16:23:44.34","wttj"
"f2b0b41a72f4f75be68ebe5923c32372","Bordeaux","ManoMano","product-manager_bordeaux","https://www.welcometothejungle.co/companies/manomano/jobs/product-manager_bordeaux","Full-Time","E-commerce","5 years","data engineer","2019-10-31 16:23:44.34","wttj"
"1d97b925b5db3cdf24ba4ba14efc91c9","Bordeaux","ManoMano","functional-architect-w-m_bordeaux","https://www.welcometothejungle.co/companies/manomano/jobs/functional-architect-w-m_bordeaux","Full-Time","E-commerce","5 years","data engineer","2019-10-29 16:47:17.598","wttj"
"9d047900453008a6343ad6777c125e5e","Bordeaux","ManoMano","functional-architect-w-m_bordeaux","https://www.welcometothejungle.co/companies/manomano/jobs/functional-architect-w-m_bordeaux","Full-Time","E-commerce","5 years","data engineer","2019-10-29 16:47:17.598","wttj"
"6298dee4e3f006c7d5a02255931e916a","Bordeaux","ManoMano","functional-architect-w-m_bordeaux","https://www.welcometothejungle.co/companies/manomano/jobs/functional-architect-w-m_bordeaux","Full-Time","E-commerce","5 years","data engineer","2019-10-29 16:47:17.598","wttj"
"db95ad21ffc6bc24a70f8e3473493a3e","Bordeaux","Neoxia","stage-ou-alternance-gitlab_bordeaux","https://www.welcometothejungle.co/companies/neoxia/jobs/stage-ou-alternance-gitlab_bordeaux","Apprenticeship","Software IT / Digital","0 years","devops","2019-09-18 17:05:39.019","wttj"
"1c553b1b0b0954264b0c1b8a53fc615b","Bordeaux","ECRITEL","ingenieur-systeme-windows_bordeaux","https://www.welcometothejungle.co/companies/ecritel/jobs/ingenieur-systeme-windows_bordeaux","Full-Time","SaaS / Cloud Services IT / Digital","2 years","devops","2019-09-18 10:49:48.493","wttj"
"0b560f284729902bfb2d84941eb3f0e0","Bordeaux","ECRITEL","ingenieur-systeme-linux_bordeaux","https://www.welcometothejungle.co/companies/ecritel/jobs/ingenieur-systeme-linux_bordeaux","Full-Time","SaaS / Cloud Services IT / Digital","2 years","devops","2019-09-18 10:48:11.166","wttj"
"f0afcb6de30e23bdbf16061d82f4cda2","Bordeaux","UMANTIC groupe QUODAGIS","h-f-developpeur-android_bordeaux","https://www.welcometothejungle.co/companies/umantic-groupe-quodagis/jobs/h-f-developpeur-android_bordeaux","Full-Time","Electronics / Telecommunications IT / Digital","2 years","devops","2019-10-24 22:42:31.286","wttj"
"8d6e1e5fce09b479c699b483548e9d37","Bordeaux","Zenika","developpeur-java-bordeaux-f-h_bordeaux","https://www.welcometothejungle.co/companies/zenika/jobs/developpeur-java-bordeaux-f-h_bordeaux","Full-Time","IT / Digital","2 years","devops","2019-09-30 18:37:02.222","wttj"
"74dbdee9e86167275bba44e4c179580a","Bordeaux","Zenika","developpeur-java-bordeaux-f-h_bordeaux","https://www.welcometothejungle.co/companies/zenika/jobs/developpeur-java-bordeaux-f-h_bordeaux","Full-Time","IT / Digital","2 years","devops","2019-09-30 18:37:02.222","wttj"
"6c2de83b291dd468e4b5d2be8569700a","Bordeaux","Sopra Steria","ingenieur-etudes-et-developpement-angular-6-7-h-f_bordeaux_SS_Xyoo6ed","https://www.welcometothejungle.co/companies/sopra-steria/jobs/ingenieur-etudes-et-developpement-angular-6-7-h-f_bordeaux_SS_Xyoo6ed","Full-Time","Organization / Management","0.5 years","devops","2019-09-09 18:41:28.78","wttj"
"4ac66d07c1ba5f1b6124dfad517a42c4","Bordeaux","Zenika","developpeur-net-bordeaux_bordeaux","https://www.welcometothejungle.co/companies/zenika/jobs/developpeur-net-bordeaux_bordeaux","Full-Time","IT / Digital","2 years","devops","2019-09-30 18:37:06.442","wttj"
"fda8caaf67d941ef14316c4adb1f8bc4","Bordeaux","Zenika","developpeur-net-bordeaux_bordeaux","https://www.welcometothejungle.co/companies/zenika/jobs/developpeur-net-bordeaux_bordeaux","Full-Time","IT / Digital","2 years","devops","2019-09-30 18:37:06.442","wttj"
"7f3d73a3ba93aebcc9a168c049a61a04","Bordeaux","Zenika","developpeur-fullstack-bordeaux_bordeaux","https://www.welcometothejungle.co/companies/zenika/jobs/developpeur-fullstack-bordeaux_bordeaux","Full-Time","IT / Digital","2 years","devops","2019-10-15 19:28:01.954","wttj"
"e206b78a6dfa5314747791eb28d6299e","Bordeaux","Zenika","developpeur-fullstack-bordeaux_bordeaux","https://www.welcometothejungle.co/companies/zenika/jobs/developpeur-fullstack-bordeaux_bordeaux","Full-Time","IT / Digital","2 years","devops","2019-10-15 19:28:01.954","wttj"
"397ba42b83a9ba8c4f1f128b4ab5ee87","Bordeaux","orange","Stage - Gestion de projet autour du Big Data F/H ","https://orange.jobs/jobs/offer.do?joid=86980&lang=EN","stage",NULL,NULL,"big data","2019-11-01 11:22:07","wizbii"
"9825963a08e91c470a2b838981182e2d","Bordeaux","orange","Développeur/intégrateur BiG Data H/F ","https://orange.jobs/jobs/offer.do?joid=65523&lang=EN","cdi",NULL,NULL,"big data","2019-02-15 16:14:16","wizbii"
"28bbcc829aa772b8d2696f766c93656e","Bordeaux","veolia-environnement","Architecte Big Data (H/F)","https://veolia.taleo.net/careersection/extexp/jobdetail.ftl?job=96703&lang=en",NULL,NULL,NULL,"big data","2018-12-19 05:50:32","wizbii"
"2e50a966d0e29d095044c423cf1f9cd1","Bordeaux","akka-technologies","Data Engineer H/F ","https://akka-cand.talent-soft.com/offre-de-emploi/emploi-data-engineer-h-f_8113.aspx","cdi",NULL,NULL,"data engineer","2019-05-02 06:57:51","wizbii"
"982ab9ff3f7ed854cbb37d7bd0b12115","Bordeaux","sii","Stage/BigData/IA - Stagiaire BIGDATA / IA (H/F)","http://www.groupe-sii.com/fr/offres_emploi/5750","stage","technologies_et_services_de_l_information",NULL,"big data","2018-10-05 14:43:47","wizbii"
"cfef640ece54d7b8fa945934fe00318b","Bordeaux","cdiscount","STAGE – DATA SCIENTIST F/H ","https://emploi.cdiscount.com/offre/stage-data-scientist-f-h/","stage",NULL,NULL,"data scientist","2019-08-22 00:06:33","wizbii"
"dbb03052dc647d59b9270c101f4b4385","Bordeaux","scalian","Data Scientist H/F","https://scalian.talent-soft.com/offre-de-emploi/emploi-data-scientist-h-f_4909.aspx","cdi",NULL,NULL,"data scientist","2019-08-02 11:01:14","wizbii"
"16675de57fce61d9a664519bde2fec5b","Bordeaux","maif","Data Scientist NLP H/F - Niort ","https://recrutement.maif.fr/offre-de-emploi/emploi-data-scientist-nlp-h-f-niort_89.aspx","cdi",NULL,NULL,"data scientist","2019-07-16 11:01:03","wizbii"
"56c85b36c4de76f735a29c4c9d9528ce","Bordeaux","akka-technologies","Data Engineer H/F","https://akka-cand.talent-soft.com/offre-de-emploi/emploi-data-engineer-h-f_8113.aspx","cdi",NULL,NULL,"data engineer","2019-08-05 10:57:05","wizbii"
"560c027e1dd8a02b4e11044e4dc8ff1e","Bordeaux","sqli","DEVOPS ","https://www.sqli-carrieres.com/en/job/devops/","cdi",NULL,NULL,"devops","2018-02-12 23:04:10","wizbii"
"cf99feece6e30b51667b09db877b1e77","Bordeaux","nexton-consulting","DevOps  H/F","http://www.aplitrak.com/?adid=QWJhZ2hkaS42ODgyMy42OTY3QG5leHRvbmNvbnN1bHRpbmcuYXBsaXRyYWsuY29t","cdi",NULL,NULL,"devops","2019-10-31 12:41:05","wizbii"
"7fe23f6e43f575ad946ae8f0b5ee8945","Bordeaux","cgi","Stage : Développeur DevOps Cloud H/F ","https://clients.njoyn.com/CGI/ex/JobBoards/JobBoards_jobdetails.asp?CLID=021001&BDID=1&JID=J1019-2149&BRID=718845&LGID=1","stage",NULL,NULL,"devops","2019-10-23 12:13:01","wizbii"
"0df8a4855abaab4b3495f01bfa7b6f26","Bordeaux","sopra-steria1430865906","Expert - DevOps - Transport - Bordeaux ","https://www.soprasteria.fr/carrieres/rejoignez-nous/offres-emploi/offre-d-emploi/Test_CDI_exp%C3%A9_1571057250","cdi","telecommunications",NULL,"devops","2019-10-22 12:19:08","wizbii"
"09d17d4b85dea80f13cd44765eaa4eef","Bordeaux","nexton-consulting","DevOps  H/F","http://www.aplitrak.com/?adid=cWNoZWd1aWxsYXVtZS4xMjg3Ni42OTY3QG5leHRvbmNvbnN1bHRpbmcuYXBsaXRyYWsuY29t","cdi",NULL,NULL,"devops","2019-10-17 15:31:59","wizbii"
"444b40632a9feb0d6ff07c79862be704","Bordeaux","econocom","Ingénieur DevOps - BORDEAUX H/F ","https://carrieres.econocom.com/offres/ingenieur-devops-bordeaux-hf","cdi","reseaux_informatiques",NULL,"devops","2019-09-30 12:19:01","wizbii"
"19f6040022b91abc8fcc9e4dbf379817","Bordeaux","digitalplace","Ingénieur Cloud & DevOps ","https://jobs.digital113.fr/apply/37ht0or?utm_source=digital113#/apply?from=https://jobs.digital113.fr/","cdi",NULL,NULL,"devops","2019-08-28 12:25:45","wizbii"
"e6167d3349f288c74a2e2aefdcf1dd1c","Bordeaux","digitalplace","Architecte Cloud & DevOps ","https://jobs.digital113.fr/apply/kiddrd?utm_source=digital113#/apply?from=https://jobs.digital113.fr/","cdi",NULL,NULL,"devops","2019-08-28 12:23:46","wizbii"
"4288424c4ef2e65c29da3fb4c5a13ad7","Bordeaux","digital-skillz","Architecte Cloud & DevOps ","https://jobs.digitalskills.fr/apply/3apno9f?utm_source=digitalskills#/apply","cdi",NULL,NULL,"devops","2019-08-28 12:14:43","wizbii"
"c447dbd1c8ee52dafe15ce5150020bd8","Bordeaux","capgemini","Ingénieur Devops H/F – Bordeaux ","https://www.capgemini.com/fr-fr/jobs/ingenieur-devops-h-f-bordeaux/","cdi",NULL,NULL,"devops","2019-08-09 22:56:44","wizbii"
"e9b6b712813918b21688f51c77a6ac47","Bordeaux","cgi","Expert Java / DevOps H/F","https://clients.njoyn.com/CGI/ex/JobBoards/JobBoards_jobdetails.asp?CLID=021001&BDID=1&JID=J0118-0999&BRID=594628&LGID=1","cdi",NULL,NULL,"devops","2019-06-11 23:26:02","wizbii"
"0cea3bc2f5801062a63b14833a047471","Bordeaux","cdiscount","INGENIEUR DEVOPS H/F ","https://emploi.cdiscount.com/offre/ingenieur-devops-h-f/","cdi",NULL,NULL,"devops","2019-05-22 07:03:12","wizbii"
"4c9e1d8888d75b35aea0c8ed54b1d31b","Bordeaux","orange","Expert DevOps H/F ","https://orange.jobs/jobs/offer.do?joid=66200&lang=EN","cdi",NULL,NULL,"devops","2019-02-15 16:14:18","wizbii"
"a74afe9f6f9b812349e8f5eabeddc5ae","Bordeaux","orange","Ingénieur DevOps junior H/F F/H ","https://orange.jobs/jobs/offer.do?joid=78831&lang=EN","cdi",NULL,NULL,"devops","2019-02-15 16:13:25","wizbii"
"125a76d9a7d81c211c0c27113437e86b","Bordeaux","cdiscount","STAGE – INGENIEUR DEVOPS H/F ","https://emploi.cdiscount.com/offre/stage-ingenieur-devops-h-f/","stage",NULL,NULL,"devops","2019-01-30 16:03:15","wizbii"
"bdd7603e2f5424697090d8f0f4014b3c","Bordeaux","scalian","Ingénieur Système DevOps H/F ","https://scalian.talent-soft.com/offre-de-emploi/emploi-ingenieur-systeme-devops-h-f_5296.aspx","cdi",NULL,NULL,"devops","2019-01-25 16:06:52","wizbii"
"d66cb3628de0242b21d7dd2d97f8c918","Bordeaux","cgi","Architecte & DevOps H/F","https://clients.njoyn.com/CGI/ex/JobBoards/JobBoards_jobdetails.asp?CLID=021001&BDID=1&JID=J1018-0428&BRID=642307&LGID=1","cdd",NULL,NULL,"devops","2018-11-28 21:34:56","wizbii"
"4cd31bfd7e1321f3108d50f8ce3462fd","Bordeaux","sqli","Ingénieur Devops | Réseau ","https://www.sqli-carrieres.com/en/job/ingenieur-devops-reseau/","cdi",NULL,NULL,"devops","2018-02-12 23:04:10","wizbii"
"861231331427f34f704ac1eacc163006","Bordeaux","INVIVOO","ingenieur-devops-h-f_bordeaux_INVIV_5rbQNZx","https://www.welcometothejungle.co/companies/invivoo/jobs/ingenieur-devops-h-f_bordeaux_INVIV_5rbQNZx","Full-Time","Software IT / Digital Finance","1 years","devops","2019-12-11 16:08:56.721","wttj"
"0ed3e116d58097f2f35d54d955678237","Bordeaux","Daveo","ingenieur-devops_bordeaux","https://www.welcometothejungle.co/companies/daveo/jobs/ingenieur-devops_bordeaux","Full-Time","Organization / Management Strategy Change Management","3 years","devops","2019-12-09 15:48:14.16","wttj"
"016fceb9e93f23392e87a912909841d8","Bordeaux","Sopra Steria","architecte-systemes-et-reseaux-defense-securite-f-h_bordeaux","https://www.welcometothejungle.co/companies/sopra-steria/jobs/architecte-systemes-et-reseaux-defense-securite-f-h_bordeaux","Full-Time","Organization / Management","5 years","devops","2019-12-06 16:20:56.721","wttj"
"e0bd542030a4bb039ee9860aa3742edb","Bordeaux","WAYCOM","administrateur-systeme-linux-h-f_bordeaux_WAYCO_kqdZYX3","https://www.welcometothejungle.co/companies/waycom/jobs/administrateur-systeme-linux-h-f_bordeaux_WAYCO_kqdZYX3","Full-Time","Electronics / Telecommunications","2 years","devops","2019-12-05 21:19:19.781","wttj"
"a12665aad882e1367035627a2c4569ea","Bordeaux","Meditect","developpeur-fullstack-js_bordeaux","https://www.welcometothejungle.co/companies/Meditect/jobs/developpeur-fullstack-js_bordeaux","Internship","","0 years","chatbot","2019-12-06 15:07:31.378","wttj"
"6b5d96180be430965fe7713f546ba3ae","Bordeaux","Meditect","developpeur-fullstack-js_bordeaux","https://www.welcometothejungle.co/companies/Meditect/jobs/developpeur-fullstack-js_bordeaux","Internship","","0 years","chatbot","2019-12-06 15:07:31.378","wttj"
"8aa2131dc18f75faf4a949bdcfbf6f08","Bordeaux","Daveo","developpeur-ios-experimente_bordeaux","https://www.welcometothejungle.co/companies/daveo/jobs/developpeur-ios-experimente_bordeaux","Full-Time","Organization / Management Strategy Change Management","3 years","devops","2019-11-22 09:41:45.404","wttj"
"2dc257ea21059265be7e5ea1e3c6e547","Bordeaux","INVIVOO","developpeur-ios-h-f_bordeaux_INVIV_WQkrVVY","https://www.welcometothejungle.co/companies/invivoo/jobs/developpeur-ios-h-f_bordeaux_INVIV_WQkrVVY","Full-Time","Software IT / Digital Finance","1 years","data scientist","2019-11-29 15:37:21.374","wttj"
"ff812b99316b92e4d18e3d4f405cf82d","Bordeaux","FieldBox.ai","marketing-executive_bordeaux","https://www.welcometothejungle.co/companies/fieldbox-ai/jobs/marketing-executive_bordeaux","Full-Time","Artificial Intelligence / Machine Learning IT / Digital Big Data","2 years","data scientist","2019-12-05 10:29:19.234","wttj"
"55fb9d5906b440b6058b880bdae6b4db","Bordeaux","FieldBox.ai","data-engineer_bordeaux","https://www.welcometothejungle.co/companies/fieldbox-ai/jobs/data-engineer_bordeaux","Full-Time","Artificial Intelligence / Machine Learning IT / Digital Big Data","0 years","data engineer","2019-12-13 16:35:08.701","wttj"
"66205e330c74d014acbf2a323fa76b5a","Bordeaux","INVIVOO","database-administrator-h-f_bordeaux_INVIV_O7GrPMD","https://www.welcometothejungle.co/companies/invivoo/jobs/database-administrator-h-f_bordeaux_INVIV_O7GrPMD","Full-Time","Software IT / Digital Finance","1 years","data engineer","2019-12-11 16:07:10.952","wttj"
"e01eec786a993d468091109dd8244efd","Bordeaux","acensi","Ingénieur Big Data - F/H ","https://www.acensi.fr/offer/131","cdi","telecommunications",NULL,"big data","2020-01-06 08:45:56","wizbii"
"561f114276f90aa49bd90f88f3ac0ddc","Bordeaux","FieldBox.ai","qa-internship_bordeaux","https://www.welcometothejungle.co/companies/fieldbox-ai/jobs/qa-internship_bordeaux","Internship","Artificial Intelligence / Machine Learning IT / Digital Big Data","0 years","data engineer","2019-12-10 11:50:18.557","wttj"
"8e8adebe7eb74815217f7bf6f9efe3d5","Bordeaux","ManoMano","privacy-compliance-engineer-h-f_bordeaux","https://www.welcometothejungle.co/companies/manomano/jobs/privacy-compliance-engineer-h-f_bordeaux","Full-Time","E-commerce","5 years","data engineer","2019-11-20 18:47:23.839","wttj"
"6e32b79233640c98c8cccf1e5a4cd88a","Bordeaux","ManoMano","privacy-compliance-engineer-h-f_bordeaux","https://www.welcometothejungle.co/companies/manomano/jobs/privacy-compliance-engineer-h-f_bordeaux","Full-Time","E-commerce","5 years","data engineer","2019-11-20 18:47:23.839","wttj"
"0273fa7eb2baeb37808960af1cdf30ed","Bordeaux","ManoMano","privacy-compliance-engineer-h-f_bordeaux","https://www.welcometothejungle.co/companies/manomano/jobs/privacy-compliance-engineer-h-f_bordeaux","Full-Time","E-commerce","5 years","data engineer","2019-11-20 18:47:23.839","wttj"
"ee96e4da619d6dc6281f62f105c18b81","Bordeaux","ManoMano","site-reliability-engineer-h-f_bordeaux","https://www.welcometothejungle.co/companies/manomano/jobs/site-reliability-engineer-h-f_bordeaux","Full-Time","E-commerce","3 years","data engineer","2019-11-20 16:11:30.855","wttj"
"44aab7fba03b153a845ed82a09fb0446","Bordeaux","ManoMano","site-reliability-engineer-h-f_bordeaux","https://www.welcometothejungle.co/companies/manomano/jobs/site-reliability-engineer-h-f_bordeaux","Full-Time","E-commerce","3 years","data engineer","2019-11-20 16:11:30.855","wttj"
"bf3dfc9c55dfedc471c6b118aa26c1b4","Bordeaux","ManoMano","site-reliability-engineer-h-f_bordeaux","https://www.welcometothejungle.co/companies/manomano/jobs/site-reliability-engineer-h-f_bordeaux","Full-Time","E-commerce","3 years","data engineer","2019-11-20 16:11:30.855","wttj"
"0f5c7b501b037b734d27cf02d2f24cc9","Bordeaux","GEKKO","ingenieur-cloud-devops_bordeaux_GEKKO_OjJo3mb","https://www.welcometothejungle.co/companies/gekko/jobs/ingenieur-cloud-devops_bordeaux_GEKKO_OjJo3mb","Full-Time","IT / Digital SaaS / Cloud Services","0.5 years","devops","2019-12-19 10:59:08.478","wttj"
"20b3d3e538a51aec672dd05af4c191e6","Bordeaux","GEKKO","architecte-cloud-devops_bordeaux_GEKKO_Oj9y55","https://www.welcometothejungle.co/companies/gekko/jobs/architecte-cloud-devops_bordeaux_GEKKO_Oj9y55","Full-Time","IT / Digital SaaS / Cloud Services","5 years","devops","2019-12-19 10:52:59.924","wttj"
"9d4f3a1b38271c094ec228ffd2fbcabb","Bordeaux","scalian","DATA ENGINEER H/F ","https://scalian.csod.com/ux/ats/careersite/1/home/requisition/1067?c=scalian","internship",NULL,NULL,"data engineer","2019-12-12 11:16:50","wizbii"
"c59dfda7acd2a5eb9ba48d5b87276f69","Bordeaux","Gfi","administrateur-systeme-h-f_bordeaux","https://www.welcometothejungle.co/companies/gfi-informatique/jobs/administrateur-systeme-h-f_bordeaux","Full-Time","IT / Digital","2 years","devops","2019-12-19 11:29:23.909","wttj"
"8fc01ac64660577ed266241625784b10","Bordeaux","Gfi","technicien-reseau-securite-h-f_bordeaux","https://www.welcometothejungle.co/companies/gfi-informatique/jobs/technicien-reseau-securite-h-f_bordeaux","Full-Time","IT / Digital","1 years","devops","2019-12-19 11:24:15.465","wttj"
"76e37a96ed8cc0599ad847158d51734c","Bordeaux","Gfi","technicien-reseau-h-f_bordeaux","https://www.welcometothejungle.co/companies/gfi-informatique/jobs/technicien-reseau-h-f_bordeaux","Full-Time","IT / Digital","1 years","devops","2019-12-19 11:06:53.069","wttj"
"2180ca2cab2c901a52dfb8806228ecf0","Bordeaux","digital-skillz","Ingénieur Cloud & DevOps ","https://jobs.digitalskills.fr/apply/3dvemol?utm_source=digitalskills#/apply","cdi",NULL,NULL,"devops","2019-12-20 11:13:57","wizbii"
"33f718f8b50091e770b72196e078bc78","Bordeaux","digitalplace","Architecte Cloud & DevOps ","https://jobs.digital113.fr/apply/1hgi7rb?utm_source=digital113#/apply?from=https://jobs.digital113.fr/","cdi",NULL,NULL,"devops","2019-12-20 11:13:14","wizbii"
"8a087c2b04d5ff90b019d3d8a265571b","Bordeaux","scalian","INGENIEUR SYSTEME DEVOPS (H/F) ","https://scalian.csod.com/ux/ats/careersite/1/home/requisition/390?c=scalian","internship",NULL,NULL,"devops","2019-12-16 11:17:32","wizbii"
"381c9b729e2fc3413d2b00d56cb1f627","Bordeaux","Loisirs Enchères","product-manager-e-commerce_bordeaux","https://www.welcometothejungle.co/companies/loisirs-encheres/jobs/product-manager-e-commerce_bordeaux","Full-Time","Tourism Leisure E-commerce","5 years","chatbot","2020-01-24 11:01:13.173","wttj"
"cbda8cb3cc4f050927ab295a7583b994","Bordeaux","Loisirs Enchères","product-manager-e-commerce_bordeaux","https://www.welcometothejungle.co/companies/loisirs-encheres/jobs/product-manager-e-commerce_bordeaux","Full-Time","Tourism Leisure E-commerce","5 years","chatbot","2020-01-24 11:01:13.173","wttj"
"be4ee4c10783cf5888d01bba969ec7f8","Bordeaux","Synapse Medicine","f-h-data-scientist-machine-learning-nlp_bordeaux","https://www.welcometothejungle.co/companies/Synapse Medicine/jobs/f-h-data-scientist-machine-learning-nlp_bordeaux","Full-Time","","3 years","data scientist","2020-01-20 15:06:33.968","wttj"
"b4990858465719dd5b75622cb32f74f4","Bordeaux","Synapse Medicine","f-h-data-scientist-machine-learning-nlp_bordeaux","https://www.welcometothejungle.co/companies/Synapse Medicine/jobs/f-h-data-scientist-machine-learning-nlp_bordeaux","Full-Time","","3 years","data scientist","2020-01-20 15:06:33.968","wttj"
"914e7973226de88a673d27f4e60ce79b","Bordeaux","INVIVOO","developpeur-ios-h-f_bordeaux_INVIV_LO9L4N5","https://www.welcometothejungle.co/companies/invivoo/jobs/developpeur-ios-h-f_bordeaux_INVIV_LO9L4N5","Full-Time","Software IT / Digital Finance","1 years","data scientist","2020-01-13 12:19:00.473","wttj"
"d33acf4e70de48ced74f5f3a4e1b20e6","Bordeaux","FieldBox.ai","head-of-machine-learning-engineering_bordeaux","https://www.welcometothejungle.co/companies/fieldbox-ai/jobs/head-of-machine-learning-engineering_bordeaux","Full-Time","Artificial Intelligence / Machine Learning IT / Digital Big Data","5 years","data scientist","2020-01-08 14:42:03.633","wttj"
"d069717c1f164b49bbb164be248b30ca","Bordeaux","Pony","quality-method-engineer-ingenieur-methodes-et-qualite_bordeaux","https://www.welcometothejungle.co/companies/getapony/jobs/quality-method-engineer-ingenieur-methodes-et-qualite_bordeaux","Full-Time","Mobility","5 years","data engineer","2020-01-02 14:58:58.806","wttj"
"098605738bae9f39ed08995681870370","Bordeaux","Back Market","stage-quality-assistant-h-f_bordeaux","https://www.welcometothejungle.co/companies/back-market/jobs/stage-quality-assistant-h-f_bordeaux","Internship","Environment / Sustainable Development Collaborative Economy E-commerce","0.5 years","data engineer","2020-01-15 09:55:13.829","wttj"
"561e1182a4431781b56d431116643949","Bordeaux","Back Market","stage-quality-assistant-h-f_bordeaux","https://www.welcometothejungle.co/companies/back-market/jobs/stage-quality-assistant-h-f_bordeaux","Internship","Environment / Sustainable Development Collaborative Economy E-commerce","0.5 years","data engineer","2020-01-15 09:55:13.829","wttj"
"1065906fe3af188e22f471ab7467c96b","Bordeaux","Back Market","stage-quality-assistant-h-f_bordeaux","https://www.welcometothejungle.co/companies/back-market/jobs/stage-quality-assistant-h-f_bordeaux","Internship","Environment / Sustainable Development Collaborative Economy E-commerce","0.5 years","data engineer","2020-01-15 09:55:13.829","wttj"
"c1a777f5e75197086fa54808c209f89b","Bordeaux","Predicio","devops-php-fr_paris","https://www.welcometothejungle.co/companies/Predicio/jobs/devops-php-fr_paris","Full-Time","","3 years","devops","2020-01-14 13:12:39.61","wttj"
"c545dac426ac5b952f0b682db8e6d870","Bordeaux","Predicio","devops-php-fr_paris","https://www.welcometothejungle.co/companies/Predicio/jobs/devops-php-fr_paris","Full-Time","","3 years","devops","2020-01-14 13:12:39.61","wttj"
"af7e05faecc2ec8c3a2ded95244571a6","Bordeaux","INVIVOO","pilote-devops-h-f_bordeaux","https://www.welcometothejungle.co/companies/invivoo/jobs/pilote-devops-h-f_bordeaux","Full-Time","Software IT / Digital Finance","5 years","devops","2020-01-13 17:39:07.976","wttj"
"9c52fba7350d1c03b1641aabc8befa5c","Bordeaux","HelloAsso","technicien-ne-d-exploitation_bordeaux","https://www.welcometothejungle.co/companies/helloasso/jobs/technicien-ne-d-exploitation_bordeaux","Full-Time","Collaborative Economy","0.5 years","devops","2020-01-13 11:06:32.792","wttj"
"7e484a07d9b3d263d77c6966e6976746","Bordeaux","Daveo","architecte-cloud-azure_bordeaux","https://www.welcometothejungle.co/companies/daveo/jobs/architecte-cloud-azure_bordeaux","Full-Time","Organization / Management Strategy Change Management","3 years","devops","2020-01-10 17:48:25.395","wttj"
"0251c34a70dab86066cda8c3c82f24d0","Bordeaux","Deezer","windows-system-engineer_bordeaux","https://www.welcometothejungle.co/companies/deezer/jobs/windows-system-engineer_bordeaux","Full-Time","Media Music Digital","0 years","devops","2019-12-31 12:47:47.554","wttj"
"69a197d75c5f763c36b8c10aaa810370","Bordeaux","WAYCOM","administrateur-systeme-linux-h-f_bordeaux_WAYCO_w093bk","https://www.welcometothejungle.co/companies/waycom/jobs/administrateur-systeme-linux-h-f_bordeaux_WAYCO_w093bk","Full-Time","Electronics / Telecommunications","2 years","devops","2019-12-26 10:26:42.528","wttj"
"b3b86d15280dd38296ab802fdd4d9d31","Bordeaux","Ultra Premium Direct","developpeur-php-e-commerce-fullstack-h-f_bordeaux","https://www.welcometothejungle.co/companies/ultra-premium-direct/jobs/developpeur-php-e-commerce-fullstack-h-f_bordeaux","Full-Time","Agri-food / Animal Nutrition E-commerce FoodTech","4 years","devops","2020-01-13 09:08:18.086","wttj"
