id,city,company_name,title,url,contract_type,company_sector,user_experience,keyword,created_date,provider
"36cc30fd1f56b5c9ebca2fc90e10a979","Lyon","NOVENCIA Group","data-scientist-lyon-f-h_lyon","https://www.welcometothejungle.co/companies/novencia-group/jobs/data-scientist-lyon-f-h_lyon","Full-Time","Big Data Software Organization / Management","3 years","big data","2019-09-19 17:20:08.038","wttj"
"5eb4f4f1cf36c8a3d59d5979b83b72f2","Lyon","evoteo","data-engineer-scala-h-f-lyon_lyon","https://www.welcometothejungle.co/companies/evoteo/jobs/data-engineer-scala-h-f-lyon_lyon","Full-Time","IT / Digital Artificial Intelligence / Machine Learning Big Data","2 years","big data","2019-09-06 10:49:26.61","wttj"
"cc512dcfdb96cfbcb546cc1e170079f6","Lyon","evoteo","data-engineer-scala-h-f-lyon_lyon","https://www.welcometothejungle.co/companies/evoteo/jobs/data-engineer-scala-h-f-lyon_lyon","Full-Time","IT / Digital Artificial Intelligence / Machine Learning Big Data","2 years","big data","2019-09-06 10:49:26.61","wttj"
"379ce6bd6fced2dc92156880cfb5762e","Lyon","Gfi","stage-consultant-junior-transformation-digitale-h-f_lyon","https://www.welcometothejungle.co/companies/gfi-informatique/jobs/stage-consultant-junior-transformation-digitale-h-f_lyon","Internship","IT / Digital","0 years","big data","2019-10-25 10:38:46.209","wttj"
"9498e4c5377bae0a56914c67874807b4","Lyon","Itnovem","developpeur-fullstack-ssi_lyon","https://www.welcometothejungle.co/companies/itnovem/jobs/developpeur-fullstack-ssi_lyon","Full-Time","Big Data Connected Objects","1 years","big data","2019-10-29 10:43:30.736","wttj"
"e53720abee1669704efbb9f3273cad68","Lyon","EASYTEAM","architecte-cloud-lyon_lyon","https://www.welcometothejungle.co/companies/easyteam/jobs/architecte-cloud-lyon_lyon","Full-Time","Change Management Strategy IT / Digital","5 years","big data","2019-09-23 13:47:56.407","wttj"
"5de61258ad550f9275bc97384ffc9ff4","Lyon","EASYTEAM","architecte-cloud-lyon_lyon","https://www.welcometothejungle.co/companies/easyteam/jobs/architecte-cloud-lyon_lyon","Full-Time","Change Management Strategy IT / Digital","5 years","big data","2019-09-23 13:47:56.407","wttj"
"6f1380923af861f21ca403cfc94b4577","Lyon","Business & Decision","consultant-confirme-bi-h-f_lyon","https://www.welcometothejungle.co/companies/business-decision/jobs/consultant-confirme-bi-h-f_lyon","Full-Time","Big Data Software IT / Digital","3 years","big data","2019-10-22 10:48:09.72","wttj"
"01324b600625047d53c302cf9f6b1cbd","Lyon","Groupe Micropole","developpeur-web-drupal-8_lyon","https://www.welcometothejungle.co/companies/groupe-micropole/jobs/developpeur-web-drupal-8_lyon","Full-Time","Big Data","2 years","big data","2019-10-31 18:03:16.495","wttj"
"6c7242c312f1ae54e66d172951634fd9","Lyon","Groupe Micropole","consultant-mdm-h-f_lyon","https://www.welcometothejungle.co/companies/groupe-micropole/jobs/consultant-mdm-h-f_lyon","Full-Time","Big Data","0 years","big data","2019-10-31 18:04:56.427","wttj"
"96e74ca8eb5a060a88580dbe95e3bee5","Lyon","Groupe Micropole","business-analyst-h-f_lyon_GM_g5RK2d3","https://www.welcometothejungle.co/companies/groupe-micropole/jobs/business-analyst-h-f_lyon_GM_g5RK2d3","Full-Time","Big Data","2 years","big data","2019-10-31 18:01:57.021","wttj"
"90b50393f90c138a8c052034803c4128","Lyon","orange","Développeur Java voulant se former au Big Data H/F","https://orange.jobs/jobs/offer.do?joid=67587&lang=EN","cdi",NULL,NULL,"big data","2018-11-29 21:43:31","wizbii"
"2a04b009a421a11ed7d576bbdcbc1480","Lyon","Notilo Plus","business-developer-inspection-sous-marine-h-f_lyon","https://www.welcometothejungle.co/companies/notilo-plus/jobs/business-developer-inspection-sous-marine-h-f_lyon","Full-Time","Big Data Connected Objects Robotics","3 years","big data","2019-10-28 17:10:35.796","wttj"
"d028c8f3e10078be3a2136da66d5c30f","Lyon","Notilo Plus","business-developer-inspection-sous-marine-h-f_lyon","https://www.welcometothejungle.co/companies/notilo-plus/jobs/business-developer-inspection-sous-marine-h-f_lyon","Full-Time","Big Data Connected Objects Robotics","3 years","big data","2019-10-28 17:10:35.796","wttj"
"da649f8a6fb89176b42fdf98c757272e","Lyon","Dawex","responsable-talent-acquisition-onboarding_lyon","https://www.welcometothejungle.co/companies/dawex/jobs/responsable-talent-acquisition-onboarding_lyon","Full-Time","Big Data SaaS / Cloud Services","3 years","big data","2019-10-28 10:45:29.993","wttj"
"4a4dff728d9be63a3874edb39c41fccb","Lyon","Dawex","responsable-talent-acquisition-onboarding_lyon","https://www.welcometothejungle.co/companies/dawex/jobs/responsable-talent-acquisition-onboarding_lyon","Full-Time","Big Data SaaS / Cloud Services","3 years","big data","2019-10-28 10:45:29.993","wttj"
"af721d4f58c5690163e7c51346973dc3","Lyon","Dawex","responsable-talent-acquisition-onboarding_lyon","https://www.welcometothejungle.co/companies/dawex/jobs/responsable-talent-acquisition-onboarding_lyon","Full-Time","Big Data SaaS / Cloud Services","3 years","big data","2019-10-28 10:45:29.993","wttj"
"43d9146fab541133de2e2f661bbb76c6","Lyon","Very Up","chef-fe-de-projet-rh_lyon","https://www.welcometothejungle.co/companies/very-up/jobs/chef-fe-de-projet-rh_lyon","Internship","Big Data Job Training Education","0 years","big data","2019-10-24 15:04:46.2","wttj"
"c93e0110190242f548a4200cc6099e39","Lyon","Dawex","product-owner_lyon_DAWEX_5kgO6Nr","https://www.welcometothejungle.co/companies/dawex/jobs/product-owner_lyon_DAWEX_5kgO6Nr","Full-Time","Big Data SaaS / Cloud Services","2 years","big data","2019-10-23 11:08:25.751","wttj"
"93a1c86db3ab81d11582910b6a3a5ae4","Lyon","Dawex","product-owner_lyon_DAWEX_5kgO6Nr","https://www.welcometothejungle.co/companies/dawex/jobs/product-owner_lyon_DAWEX_5kgO6Nr","Full-Time","Big Data SaaS / Cloud Services","2 years","big data","2019-10-23 11:08:25.751","wttj"
"ed22d06d8a1dc7b3dd03df1dec50906a","Lyon","Dawex","product-owner_lyon_DAWEX_5kgO6Nr","https://www.welcometothejungle.co/companies/dawex/jobs/product-owner_lyon_DAWEX_5kgO6Nr","Full-Time","Big Data SaaS / Cloud Services","2 years","big data","2019-10-23 11:08:25.751","wttj"
"5ef47b9a05ce0d7b0a70dcf6813702e8","Lyon","Dawex","web-qa-tester_lyon","https://www.welcometothejungle.co/companies/dawex/jobs/web-qa-tester_lyon","Full-Time","Big Data SaaS / Cloud Services","2 years","big data","2019-10-23 11:08:15.349","wttj"
"83fb37f5fc0e27fc9f385eeefc7cc6dc","Lyon","Dawex","web-qa-tester_lyon","https://www.welcometothejungle.co/companies/dawex/jobs/web-qa-tester_lyon","Full-Time","Big Data SaaS / Cloud Services","2 years","big data","2019-10-23 11:08:15.349","wttj"
"b5a72577b045051d94ec5961f1585d5a","Lyon","Dawex","web-qa-tester_lyon","https://www.welcometothejungle.co/companies/dawex/jobs/web-qa-tester_lyon","Full-Time","Big Data SaaS / Cloud Services","2 years","big data","2019-10-23 11:08:15.349","wttj"
"0b6a2cf1a6512b255b318a173ea1eab2","Lyon","Business & Decision","chef-de-projet-digital-h-f_lyon","https://www.welcometothejungle.co/companies/business-decision/jobs/chef-de-projet-digital-h-f_lyon","Full-Time","Big Data Software IT / Digital","5 years","big data","2019-10-22 15:42:25.963","wttj"
"27983ae66f03d4325d2c180e59e9a58e","Lyon","Business & Decision","consultant-senior-ms-dynamics-crm-h-f_lyon","https://www.welcometothejungle.co/companies/business-decision/jobs/consultant-senior-ms-dynamics-crm-h-f_lyon","Full-Time","Big Data Software IT / Digital","5 years","big data","2019-10-22 15:17:00.745","wttj"
"16fec6119476dc441a2015f951a5825b","Lyon","Business & Decision","consultant-confirme-java-h-f_lyon","https://www.welcometothejungle.co/companies/business-decision/jobs/consultant-confirme-java-h-f_lyon","Full-Time","Big Data Software IT / Digital","3 years","big data","2019-10-22 15:37:03.205","wttj"
"80d4e020510008d5fca96bb6f7d84e00","Lyon","Business & Decision","chef-de-projet-crm-h-f_lyon","https://www.welcometothejungle.co/companies/business-decision/jobs/chef-de-projet-crm-h-f_lyon","Full-Time","Big Data Software IT / Digital","5 years","big data","2019-10-22 15:33:30.275","wttj"
"21acb3dca1e8a2fbe08c95ae46efc33c","Lyon","Business & Decision","stage-consultant-digital-lyon-h-f_lyon","https://www.welcometothejungle.co/companies/business-decision/jobs/stage-consultant-digital-lyon-h-f_lyon","Internship","Big Data Software IT / Digital","0 years","big data","2019-10-22 15:26:35.935","wttj"
"9639f95a5ed7a1b7220d540cdd670733","Lyon","Business & Decision","consultant-marketing-crm-h-f_lyon","https://www.welcometothejungle.co/companies/business-decision/jobs/consultant-marketing-crm-h-f_lyon","Full-Time","Big Data Software IT / Digital","0 years","big data","2019-10-22 15:23:09.764","wttj"
"9c50622021cebef322e83614e9d2f1a5","Lyon","Business & Decision","consultant-ms-dynamics-crm-h-f_lyon","https://www.welcometothejungle.co/companies/business-decision/jobs/consultant-ms-dynamics-crm-h-f_lyon","Full-Time","Big Data Software IT / Digital","1 years","big data","2019-10-22 15:09:56.704","wttj"
"b5130cdff753cd9ada8ff9da850effe5","Lyon","Business & Decision","consultant-confirme-web-asp-net-h-f_lyon","https://www.welcometothejungle.co/companies/business-decision/jobs/consultant-confirme-web-asp-net-h-f_lyon","Full-Time","Big Data Software IT / Digital","3 years","big data","2019-10-22 14:58:01.58","wttj"
"056a72a10de647e0ed5eb2505ab96048","Lyon","Business & Decision","consultant-confirme-magento-h-f_lyon","https://www.welcometothejungle.co/companies/business-decision/jobs/consultant-confirme-magento-h-f_lyon","Full-Time","Big Data Software IT / Digital","3 years","big data","2019-10-22 14:04:30.677","wttj"
"4cd87d9f33ff13d8abf0e314e84fe2e0","Lyon","Business & Decision","ingenieur-d-affaires-senior-data-et-digital-h-f_lyon","https://www.welcometothejungle.co/companies/business-decision/jobs/ingenieur-d-affaires-senior-data-et-digital-h-f_lyon","Full-Time","Big Data Software IT / Digital","7 years","big data","2019-10-22 11:23:55.873","wttj"
"2a4e8e0c17f3a62ca41de3fdb3b0a14f","Lyon","Business & Decision","consultant-expert-bi-h-f_lyon","https://www.welcometothejungle.co/companies/business-decision/jobs/consultant-expert-bi-h-f_lyon","Full-Time","Big Data Software IT / Digital","7 years","big data","2019-10-22 11:14:09.709","wttj"
"c7b267e0eebf85b93671e61c31c9cf95","Lyon","Business & Decision","chef-de-projet-bi-h-f_lyon","https://www.welcometothejungle.co/companies/business-decision/jobs/chef-de-projet-bi-h-f_lyon","Full-Time","Big Data Software IT / Digital","7 years","big data","2019-10-22 11:06:13.623","wttj"
"7c56a15b813fd00a36bfabf0142fdb38","Lyon","Business & Decision","consultant-junior-bi-h-f_lyon","https://www.welcometothejungle.co/companies/business-decision/jobs/consultant-junior-bi-h-f_lyon","Full-Time","Big Data Software IT / Digital","0 years","big data","2019-10-22 11:00:38.354","wttj"
"bea0adaa40999dfa004fbe85c04af5a4","Lyon","Business & Decision","consultant-senior-bi-h-f_lyon","https://www.welcometothejungle.co/companies/business-decision/jobs/consultant-senior-bi-h-f_lyon","Full-Time","Big Data Software IT / Digital","5 years","big data","2019-10-22 10:43:32.333","wttj"
"f87ceb6b05f67cfb8bfaa9da43aec63d","Lyon","Business & Decision","stage-consultant-bi-lyon-h-f_lyon","https://www.welcometothejungle.co/companies/business-decision/jobs/stage-consultant-bi-lyon-h-f_lyon","Internship","Big Data Software IT / Digital","0 years","big data","2019-10-22 09:47:21.002","wttj"
"4a5044f492289c88d5b4af6f166bbc04","Lyon","Very Up","project-manager-very-up-bilingue-anglais_lyon","https://www.welcometothejungle.co/companies/very-up/jobs/project-manager-very-up-bilingue-anglais_lyon","Full-Time","Big Data Job Training Education","2 years","big data","2019-10-21 15:25:33.415","wttj"
"da2e6792d26dd55ce8a3f93056937367","Lyon","Dawex","it-support-sysadmin_lyon","https://www.welcometothejungle.co/companies/dawex/jobs/it-support-sysadmin_lyon","Full-Time","Big Data SaaS / Cloud Services","0 years","big data","2019-10-21 11:08:19.723","wttj"
"39a4ebc4cb1c1c688d8800eb8f08b231","Lyon","Dawex","it-support-sysadmin_lyon","https://www.welcometothejungle.co/companies/dawex/jobs/it-support-sysadmin_lyon","Full-Time","Big Data SaaS / Cloud Services","0 years","big data","2019-10-21 11:08:19.723","wttj"
"f4cfaee89631ebb4782726c111eca1fa","Lyon","Dawex","it-support-sysadmin_lyon","https://www.welcometothejungle.co/companies/dawex/jobs/it-support-sysadmin_lyon","Full-Time","Big Data SaaS / Cloud Services","0 years","big data","2019-10-21 11:08:19.723","wttj"
"54a24d7bd44d0ebb04518d593408c8b0","Lyon","Dawex","infrastructure-engineer_lyon_DAWEX_l33wkGW","https://www.welcometothejungle.co/companies/dawex/jobs/infrastructure-engineer_lyon_DAWEX_l33wkGW","Full-Time","Big Data SaaS / Cloud Services","0 years","big data","2019-10-21 11:08:13.721","wttj"
"c617458955036ca5da0da39b9e2fbc6e","Lyon","Dawex","infrastructure-engineer_lyon_DAWEX_l33wkGW","https://www.welcometothejungle.co/companies/dawex/jobs/infrastructure-engineer_lyon_DAWEX_l33wkGW","Full-Time","Big Data SaaS / Cloud Services","0 years","big data","2019-10-21 11:08:13.721","wttj"
"81dca7ad3077dd34a53bcbecff16921b","Lyon","Dawex","infrastructure-engineer_lyon_DAWEX_l33wkGW","https://www.welcometothejungle.co/companies/dawex/jobs/infrastructure-engineer_lyon_DAWEX_l33wkGW","Full-Time","Big Data SaaS / Cloud Services","0 years","big data","2019-10-21 11:08:13.721","wttj"
"eb4a797ccc98dc7bb6edde33e716aed6","Lyon","Dawex","developpeur-euse-full-stack_lyon","https://www.welcometothejungle.co/companies/dawex/jobs/developpeur-euse-full-stack_lyon","Full-Time","Big Data SaaS / Cloud Services","3 years","big data","2019-10-21 11:06:58.771","wttj"
"a7f767d140d3b3e8db3cecf1084617b3","Lyon","Dawex","developpeur-euse-full-stack_lyon","https://www.welcometothejungle.co/companies/dawex/jobs/developpeur-euse-full-stack_lyon","Full-Time","Big Data SaaS / Cloud Services","3 years","big data","2019-10-21 11:06:58.771","wttj"
"fdb94638dc02d265949cbd3ad5ee86ad","Lyon","Dawex","developpeur-euse-full-stack_lyon","https://www.welcometothejungle.co/companies/dawex/jobs/developpeur-euse-full-stack_lyon","Full-Time","Big Data SaaS / Cloud Services","3 years","big data","2019-10-21 11:06:58.771","wttj"
"67fa2932e25e462f822427295e3f0f5e","Lyon","Dawex","developpeur-se-front-end_lyon","https://www.welcometothejungle.co/companies/dawex/jobs/developpeur-se-front-end_lyon","Full-Time","Big Data SaaS / Cloud Services","0 years","big data","2019-10-21 11:06:44.887","wttj"
"baa827848792d0e4052b4caf9a8349ec","Lyon","Dawex","developpeur-se-front-end_lyon","https://www.welcometothejungle.co/companies/dawex/jobs/developpeur-se-front-end_lyon","Full-Time","Big Data SaaS / Cloud Services","0 years","big data","2019-10-21 11:06:44.887","wttj"
"d2cd55b25e6ee214a5c581506affdb53","Lyon","Dawex","developpeur-se-front-end_lyon","https://www.welcometothejungle.co/companies/dawex/jobs/developpeur-se-front-end_lyon","Full-Time","Big Data SaaS / Cloud Services","0 years","big data","2019-10-21 11:06:44.887","wttj"
"87d58b56d51cd307fd1f10f29025dbb6","Lyon","Dawex","backend-developer-java_lyon","https://www.welcometothejungle.co/companies/dawex/jobs/backend-developer-java_lyon","Full-Time","Big Data SaaS / Cloud Services","0 years","big data","2019-10-21 11:05:55.115","wttj"
"a8f4686c6e5a3dcfd0f836d416a37dd8","Lyon","Dawex","backend-developer-java_lyon","https://www.welcometothejungle.co/companies/dawex/jobs/backend-developer-java_lyon","Full-Time","Big Data SaaS / Cloud Services","0 years","big data","2019-10-21 11:05:55.115","wttj"
"862e53cab2af327b1accf29c9498c9ee","Lyon","Dawex","backend-developer-java_lyon","https://www.welcometothejungle.co/companies/dawex/jobs/backend-developer-java_lyon","Full-Time","Big Data SaaS / Cloud Services","0 years","big data","2019-10-21 11:05:55.115","wttj"
"cd9fadea5816d2cb9af2a3165eb23b90","Lyon","Dawex","developpeur-euse-backend-build-tools_lyon","https://www.welcometothejungle.co/companies/dawex/jobs/developpeur-euse-backend-build-tools_lyon","Full-Time","Big Data SaaS / Cloud Services","3 years","big data","2019-10-21 11:05:49.195","wttj"
"c42161fa799c170ecfd3b5518a00bf50","Lyon","Dawex","developpeur-euse-backend-build-tools_lyon","https://www.welcometothejungle.co/companies/dawex/jobs/developpeur-euse-backend-build-tools_lyon","Full-Time","Big Data SaaS / Cloud Services","3 years","big data","2019-10-21 11:05:49.195","wttj"
"013adae962b81244591a4a43b8b16574","Lyon","Dawex","developpeur-euse-backend-build-tools_lyon","https://www.welcometothejungle.co/companies/dawex/jobs/developpeur-euse-backend-build-tools_lyon","Full-Time","Big Data SaaS / Cloud Services","3 years","big data","2019-10-21 11:05:49.195","wttj"
"5d4dead35e9f5188c3013b7a2f1dd031","Lyon","Dawex","backend-blockchain-developer_lyon","https://www.welcometothejungle.co/companies/dawex/jobs/backend-blockchain-developer_lyon","Full-Time","Big Data SaaS / Cloud Services","0 years","big data","2019-10-21 11:05:40.908","wttj"
"88e48e407bb958c87201a5dd9549166e","Lyon","Dawex","backend-blockchain-developer_lyon","https://www.welcometothejungle.co/companies/dawex/jobs/backend-blockchain-developer_lyon","Full-Time","Big Data SaaS / Cloud Services","0 years","big data","2019-10-21 11:05:40.908","wttj"
"2dc3dac36b715a382fc564980de8918f","Lyon","Dawex","backend-blockchain-developer_lyon","https://www.welcometothejungle.co/companies/dawex/jobs/backend-blockchain-developer_lyon","Full-Time","Big Data SaaS / Cloud Services","0 years","big data","2019-10-21 11:05:40.908","wttj"
"85a68bedd84dc325b2c959bbab2508ff","Lyon","KeyOpsTech","devops-google-cloud_lyon","https://www.welcometothejungle.co/companies/keyopstech/jobs/devops-google-cloud_lyon","Full-Time","Mobile Apps Logistics","2 years","devops","2019-10-24 15:23:06.223","wttj"
"1f6f1846eef93038ef5ff716df3800b4","Lyon","Adfab","devops-h-f_lyon_ADFAB_ky6azNZ","https://www.welcometothejungle.co/companies/adfab/jobs/devops-h-f_lyon_ADFAB_ky6azNZ","Full-Time","IT / Digital Digital","3 years","devops","2019-10-18 10:45:29.595","wttj"
"67752148791e1141f7a881d1910c68e2","Lyon","BCM Energy","data-scientist_lyon_BE_z3bDyKl","https://www.welcometothejungle.co/companies/bcm-energy/jobs/data-scientist_lyon_BE_z3bDyKl","Full-Time","Energy Environment / Sustainable Development","2 years","data scientist","2019-10-10 10:00:43.908","wttj"
"a131b7eb48c8b45c48d6f2173bd199a4","Lyon","BCM Energy","data-scientist_lyon_BE_z3bDyKl","https://www.welcometothejungle.co/companies/bcm-energy/jobs/data-scientist_lyon_BE_z3bDyKl","Full-Time","Energy Environment / Sustainable Development","2 years","data scientist","2019-10-10 10:00:43.908","wttj"
"5bca11d68decf3ab658ed2d96616f1ec","Lyon","Karetis","business-innovation-analyst_lyon","https://www.welcometothejungle.co/companies/karetis/jobs/business-innovation-analyst_lyon","Full-Time","Big Data Incubator / Accelerator Organization / Management","0 years","data scientist","2019-09-24 18:50:19.378","wttj"
"d9d73937e0b1cc987bd96270e7999bd3","Lyon","DTA Ingénierie","developpeur-java-jee-full-stack-junior_saint-herblain","https://www.welcometothejungle.co/companies/dta-ingenierie/jobs/developpeur-java-jee-full-stack-junior_saint-herblain","Full-Time","IT / Digital","0 years","data scientist","2019-10-24 12:02:13.963","wttj"
"5cd2b646a498bb5557806a8d8eb2ba6e","Lyon","Synolia","consultant-etl-interfaces-applicatives-h-f_lyon_SYNOL_LW9DMDL","https://www.welcometothejungle.co/companies/synolia/jobs/consultant-etl-interfaces-applicatives-h-f_lyon_SYNOL_LW9DMDL","Full-Time","Digital Marketing / Data Marketing IT / Digital","1 years","data engineer","2019-10-25 16:57:31.078","wttj"
"923cbbc1537d234726b754b39d11cc04","Lyon","evoteo","devops-h-f_lyon","https://www.welcometothejungle.co/companies/evoteo/jobs/devops-h-f_lyon","Full-Time","IT / Digital Artificial Intelligence / Machine Learning Big Data","3 years","devops","2019-09-06 10:35:12.391","wttj"
"9a4486c31fe3d4620d3dbcc4885f2168","Lyon","evoteo","devops-h-f_lyon","https://www.welcometothejungle.co/companies/evoteo/jobs/devops-h-f_lyon","Full-Time","IT / Digital Artificial Intelligence / Machine Learning Big Data","3 years","devops","2019-09-06 10:35:12.391","wttj"
"df20f55a67a6df258b64d243caa6a163","Lyon","ASI","Stage de 6 mois - Consultant BI - DATA - Big Data (H/F)","https://jobs.smartrecruiters.com/ASIFR/743999702572496-stage-de-6-mois-consultant-bi-data-big-data-h-f-","Intern","Information Technology And Services","Internship","big data","2019-12-20 16:21:24","smart_recruiters"
"902dfc8ebd931e5e65144fd5a6db5c02","Lyon","Zenika","data-ingenieur-e-kafka-lyon_lyon","https://www.welcometothejungle.co/companies/zenika/jobs/data-ingenieur-e-kafka-lyon_lyon","Full-Time","IT / Digital","2 years","data engineer","2019-10-01 10:48:59.193","wttj"
"745889d0007b72627523e58b2d426b2f","Lyon","Zenika","data-ingenieur-e-kafka-lyon_lyon","https://www.welcometothejungle.co/companies/zenika/jobs/data-ingenieur-e-kafka-lyon_lyon","Full-Time","IT / Digital","2 years","data engineer","2019-10-01 10:48:59.193","wttj"
"48977a9cb6fc8ba3be02a41569da0cee","Lyon","EXPERTIME","ingenieur-devops-h-f-lyon_lyon","https://www.welcometothejungle.co/companies/expertime/jobs/ingenieur-devops-h-f-lyon_lyon","Full-Time","IT / Digital E-commerce","3 years","devops","2019-10-31 10:29:29.017","wttj"
"dc8281eeab14b18ba56f3dcee95ff115","Lyon","EXPERTIME","ingenieur-devops-h-f-lyon_lyon","https://www.welcometothejungle.co/companies/expertime/jobs/ingenieur-devops-h-f-lyon_lyon","Full-Time","IT / Digital E-commerce","3 years","devops","2019-10-31 10:29:29.017","wttj"
"80606dbcf229c6eb33fde6175570bd13","Lyon","iExec Blockchain Tech","ingenieur-devops-systemes-reseaux-h-f_lyon","https://www.welcometothejungle.co/companies/iExec Blockchain Tech/jobs/ingenieur-devops-systemes-reseaux-h-f_lyon","Full-Time","","0 years","devops","2019-09-30 12:25:21.033","wttj"
"11f6a010675c9ea7e866c31814308217","Lyon","iExec Blockchain Tech","ingenieur-devops-systemes-reseaux-h-f_lyon","https://www.welcometothejungle.co/companies/iExec Blockchain Tech/jobs/ingenieur-devops-systemes-reseaux-h-f_lyon","Full-Time","","0 years","devops","2019-09-30 12:25:21.033","wttj"
"3f649b7c35b83a406c6a1bba17c22ce2","Lyon","Gfi","integrateur-devops-lyon-h-f_lyon_GFI_dokbZzV","https://www.welcometothejungle.co/companies/gfi-informatique/jobs/integrateur-devops-lyon-h-f_lyon_GFI_dokbZzV","Full-Time","IT / Digital","2 years","devops","2019-09-24 15:32:19.707","wttj"
"cb2cb7cafdce51681ff4b216daf1de53","Lyon","Ippon","consultant-devops-h-f_lyon","https://www.welcometothejungle.co/companies/ippon/jobs/consultant-devops-h-f_lyon","Full-Time","SaaS / Cloud Services Software IT / Digital","3 years","devops","2019-09-13 10:21:41.41","wttj"
"b57a1301624dba022972f51555c20ed1","Lyon","Devoteam G Cloud","consultant-devops-h-f_lyon","https://www.welcometothejungle.co/companies/devoteam-g-cloud/jobs/consultant-devops-h-f_lyon","Full-Time","Change Management Big Data Digital","0 years","devops","2019-10-28 17:33:42.848","wttj"
"e0ccfdbed6e4dd6ca6a23ab0a16ef29f","Lyon","D2SI","ingenieur-cloud-devops_lyon","https://www.welcometothejungle.co/companies/d2si/jobs/ingenieur-cloud-devops_lyon","Full-Time","SaaS / Cloud Services IT / Digital","4 years","devops","2019-10-18 11:55:28.538","wttj"
"7a804ff55fe7fcc8919aac49aa96842e","Lyon","Zenika","consultante-consultant-devops-lyon_lyon","https://www.welcometothejungle.co/companies/zenika/jobs/consultante-consultant-devops-lyon_lyon","Full-Time","IT / Digital","2 years","devops","2019-10-01 10:47:33.585","wttj"
"81ffb48c765d6716b022a5df4c707e37","Lyon","Zenika","consultante-consultant-devops-lyon_lyon","https://www.welcometothejungle.co/companies/zenika/jobs/consultante-consultant-devops-lyon_lyon","Full-Time","IT / Digital","2 years","devops","2019-10-01 10:47:33.585","wttj"
"de2e7490f7b72947cc00fcb2b2fe596c","Lyon","Carrefour ","alternant-bts-assistant-manager-f-h_lyon","https://www.welcometothejungle.co/companies/carrefour/jobs/alternant-bts-assistant-manager-f-h_lyon","Apprenticeship","Consumer Goods","1 years","devops","2019-10-23 23:20:03.513","wttj"
"91ac50ddc0aa038deffbffb95c06c04d","Lyon","iExec Blockchain Tech","developpeur-systemes-securite-devops-h-f_lyon","https://www.welcometothejungle.co/companies/iExec Blockchain Tech/jobs/developpeur-systemes-securite-devops-h-f_lyon","Full-Time","","0 years","devops","2019-09-30 12:31:11.824","wttj"
"ec8cbc96007603e3edf54afbd77a00f7","Lyon","iExec Blockchain Tech","developpeur-systemes-securite-devops-h-f_lyon","https://www.welcometothejungle.co/companies/iExec Blockchain Tech/jobs/developpeur-systemes-securite-devops-h-f_lyon","Full-Time","","0 years","devops","2019-09-30 12:31:11.824","wttj"
"175b5b228ac5ad3d5d3bb36bf8f35aa1","Lyon","Misakey","skilled-back-end-developer_lyon","https://www.welcometothejungle.co/companies/misakey/jobs/skilled-back-end-developer_lyon","Full-Time","Cyber Security","3 years","data engineer","2019-10-01 11:43:10.89","wttj"
"2282d98b9fdba476a022881a5de9d46a","Lyon","Misakey","skilled-react-developer_lyon_MISAK_jXGWPdN","https://www.welcometothejungle.co/companies/misakey/jobs/skilled-react-developer_lyon_MISAK_jXGWPdN","Full-Time","Cyber Security","3 years","data engineer","2019-10-01 12:02:35.315","wttj"
"57b326f308e142be32348f5238904a89","Lyon","Misakey","skilled-react-developer_lyon_MISAK_jXGWPdN","https://www.welcometothejungle.co/companies/misakey/jobs/skilled-react-developer_lyon_MISAK_jXGWPdN","Full-Time","Cyber Security","3 years","data engineer","2019-10-01 12:02:35.315","wttj"
"5bd7bf72c10bf5bd0c52ae48c06eea88","Lyon","Misakey","skilled-react-developer_lyon_MISAK_jXGWPdN","https://www.welcometothejungle.co/companies/misakey/jobs/skilled-react-developer_lyon_MISAK_jXGWPdN","Full-Time","Cyber Security","3 years","data engineer","2019-10-01 12:02:35.315","wttj"
"78fb7a0d7d610ffd5537d49a44b88b31","Lyon","Misakey","skilled-back-end-developer_lyon","https://www.welcometothejungle.co/companies/misakey/jobs/skilled-back-end-developer_lyon","Full-Time","Cyber Security","3 years","data engineer","2019-10-01 11:43:10.89","wttj"
"1d39c8430b962b63d6c35d763723cc16","Lyon","Misakey","skilled-back-end-developer_lyon","https://www.welcometothejungle.co/companies/misakey/jobs/skilled-back-end-developer_lyon","Full-Time","Cyber Security","3 years","data engineer","2019-10-01 11:43:10.89","wttj"
"bb9ce1ce46c2520bfbd4431a5c8ddefd","Lyon","EASYTEAM","expert-outillage-supervision_lyon","https://www.welcometothejungle.co/companies/easyteam/jobs/expert-outillage-supervision_lyon","Full-Time","Strategy Change Management IT / Digital","5 years","devops","2019-10-30 10:18:33.886","wttj"
"6d0d9a40477b7f509495d3d32fcf22a9","Lyon","EASYTEAM","expert-outillage-supervision_lyon","https://www.welcometothejungle.co/companies/easyteam/jobs/expert-outillage-supervision_lyon","Full-Time","Strategy Change Management IT / Digital","5 years","devops","2019-10-30 10:18:33.886","wttj"
"cbfd00891bec1c3075215885726a33aa","Lyon","Synolia","ingenieur-dev0ps-h-f_lyon_SYNOL_qYDrxk1","https://www.welcometothejungle.co/companies/synolia/jobs/ingenieur-dev0ps-h-f_lyon_SYNOL_qYDrxk1","Full-Time","Digital Marketing / Data Marketing IT / Digital","1 years","devops","2019-10-25 16:58:46.93","wttj"
"4ae15a3e36d176bee858eff338546d19","Lyon","EDF","stage-bac-2-3-informatique-h-f_lyon","https://www.welcometothejungle.co/companies/edf/jobs/stage-bac-2-3-informatique-h-f_lyon","Internship","Energy","0 years","devops","2019-10-24 20:41:39.375","wttj"
"c662c8c3c8255f4d71e30551fccbc42c","Lyon","EASYTEAM","ingenieur-reseau-securite-cloud-lyon-f-h_lyon","https://www.welcometothejungle.co/companies/easyteam/jobs/ingenieur-reseau-securite-cloud-lyon-f-h_lyon","Full-Time","Change Management Strategy IT / Digital","2 years","devops","2019-10-22 15:16:27.798","wttj"
"40bf2e3ccae668c22e1ce19e76460c05","Lyon","EASYTEAM","ingenieur-reseau-securite-cloud-lyon-f-h_lyon","https://www.welcometothejungle.co/companies/easyteam/jobs/ingenieur-reseau-securite-cloud-lyon-f-h_lyon","Full-Time","Change Management Strategy IT / Digital","2 years","devops","2019-10-22 15:16:27.798","wttj"
"e4f423b8c16b1fb266b42c5b0314dd62","Lyon","Finalcad","devops-engineer_lyon","https://www.welcometothejungle.co/companies/finalcad/jobs/devops-engineer_lyon","Full-Time","Mobile Apps Big Data Building / Public Works","0 years","data engineer","2019-12-03 10:03:07.132","wttj"
"d211d8717f6343da92d10d602bbf340e","Lyon","Batch","site-reliability-engineer-sre_lyon","https://www.welcometothejungle.co/companies/batch/jobs/site-reliability-engineer-sre_lyon","Full-Time","SaaS / Cloud Services AdTech / MarTech Mobile Apps","1 years","devops","2019-10-17 15:49:45.593","wttj"
"5950ab8862a7b787287f1cdf230ea326","Lyon","adthink-media","OFFRE DE STAGE (H/F) : MACHINE LEARNING - DATA SCIENTIST",NULL,"stage","marketing_et_publicite","Master, Titre d'ingénieur, Bac +5","data scientist","2019-11-08 09:41:25","wizbii"
"006e31fca5bdc2a7ade0d1878234415c","Lyon","Ippon","consultant-cloud-h-f_lyon","https://www.welcometothejungle.co/companies/ippon/jobs/consultant-cloud-h-f_lyon","Full-Time","SaaS / Cloud Services Software IT / Digital","2 years","devops","2019-10-07 15:03:58.258","wttj"
"6be77dc6bbc1570c607eeb5e44f09a21","Lyon","Itnovem","expert-cybersecurite-pentester-senior-h-f_lyon","https://www.welcometothejungle.co/companies/itnovem/jobs/expert-cybersecurite-pentester-senior-h-f_lyon","Full-Time","Connected Objects Big Data","5 years","devops","2019-10-04 16:20:56.105","wttj"
"b9d919a0efb096387d09274bd500ad97","Lyon","Sopra Steria","expert-erp-lyon_lyon","https://www.welcometothejungle.co/companies/sopra-steria/jobs/expert-erp-lyon_lyon","Full-Time","Organization / Management","3 years","devops","2019-09-25 17:24:28.455","wttj"
"38d2b85ac12ec1fccefbfdcd46d4886c","Lyon","Gfi","ingenieur-systeme-cloud_lyon","https://www.welcometothejungle.co/companies/gfi-informatique/jobs/ingenieur-systeme-cloud_lyon","Full-Time","IT / Digital","2 years","devops","2019-09-24 14:08:35.114","wttj"
"253b2afd257327d807555c52bddb6e4e","Lyon","ASI","Stage de 6 mois - Consultant BI - DATA - Big Data (H/F)","https://jobs.smartrecruiters.com/ASIFR/743999702296692-stage-de-6-mois-consultant-bi-data-big-data-h-f-","Intern","Information Technology And Services","Internship","big data","2019-12-17 15:25:22","smart_recruiters"
"121980198f55a87b13c421e9222f21f5","Lyon","Sopra Steria","ingenieur-de-production-solutions-soc-f-h_lyon","https://www.welcometothejungle.co/companies/sopra-steria/jobs/ingenieur-de-production-solutions-soc-f-h_lyon","Full-Time","Organization / Management","2 years","devops","2019-09-13 14:47:12.874","wttj"
"6ec4fd6db88d92d7a154425975140190","Lyon","Zenika","developpeuse-developpeur-java-lyon_lyon","https://www.welcometothejungle.co/companies/zenika/jobs/developpeuse-developpeur-java-lyon_lyon","Full-Time","IT / Digital","2 years","devops","2019-10-01 10:57:15.836","wttj"
"ecea021672d1133c3fdab7d3025a44e5","Lyon","Zenika","developpeuse-developpeur-java-lyon_lyon","https://www.welcometothejungle.co/companies/zenika/jobs/developpeuse-developpeur-java-lyon_lyon","Full-Time","IT / Digital","2 years","devops","2019-10-01 10:57:15.836","wttj"
"bcac777609b04f4e4cee8a8f1cef946f","Lyon","Zenika","developpeuse-developpeur-full-stack-lyon_lyon","https://www.welcometothejungle.co/companies/zenika/jobs/developpeuse-developpeur-full-stack-lyon_lyon","Full-Time","IT / Digital","2 years","devops","2019-10-01 10:55:44.643","wttj"
"75f6ecd057bf610c9b6fab698263ddfb","Lyon","Zenika","developpeuse-developpeur-full-stack-lyon_lyon","https://www.welcometothejungle.co/companies/zenika/jobs/developpeuse-developpeur-full-stack-lyon_lyon","Full-Time","IT / Digital","2 years","devops","2019-10-01 10:55:44.643","wttj"
"06e8a61d7d1eb8d6873ba05fc8b78aa9","Lyon","Ippon","solutions-architect-h-f_lyon","https://www.welcometothejungle.co/companies/ippon/jobs/solutions-architect-h-f_lyon","Full-Time","SaaS / Cloud Services Software IT / Digital","5 years","devops","2019-10-07 15:04:06.145","wttj"
"494470f0be650ecaba6b5b1253235483","Lyon","Zenika","developpeuse-developpeur-d-applications-mobiles-lyon_lyon","https://www.welcometothejungle.co/companies/zenika/jobs/developpeuse-developpeur-d-applications-mobiles-lyon_lyon","Full-Time","IT / Digital","2 years","devops","2019-10-01 10:49:56.016","wttj"
"9553b71c7beaddd1afd8df8fa1507bfb","Lyon","Zenika","developpeuse-developpeur-d-applications-mobiles-lyon_lyon","https://www.welcometothejungle.co/companies/zenika/jobs/developpeuse-developpeur-d-applications-mobiles-lyon_lyon","Full-Time","IT / Digital","2 years","devops","2019-10-01 10:49:56.016","wttj"
"d86a2f405f7df66edebe5696449809ae","Lyon","Zenika","experte-expert-java-back-end-lyon_lyon","https://www.welcometothejungle.co/companies/zenika/jobs/experte-expert-java-back-end-lyon_lyon","Full-Time","IT / Digital","4 years","devops","2019-10-01 10:58:36.226","wttj"
"17c8a457c1bda7d566c029cec3733a63","Lyon","Zenika","experte-expert-java-back-end-lyon_lyon","https://www.welcometothejungle.co/companies/zenika/jobs/experte-expert-java-back-end-lyon_lyon","Full-Time","IT / Digital","4 years","devops","2019-10-01 10:58:36.226","wttj"
"f3240cc332a3dce03cafb2dc506d8268","Lyon","evoteo","integrateur-senior_lyon","https://www.welcometothejungle.co/companies/evoteo/jobs/integrateur-senior_lyon","Full-Time","Big Data Artificial Intelligence / Machine Learning IT / Digital","2 years","devops","2019-09-06 10:51:11.091","wttj"
"084fab384dc861afa9fe041b5d31d306","Lyon","evoteo","integrateur-senior_lyon","https://www.welcometothejungle.co/companies/evoteo/jobs/integrateur-senior_lyon","Full-Time","Big Data Artificial Intelligence / Machine Learning IT / Digital","2 years","devops","2019-09-06 10:51:11.091","wttj"
"b7a0e25a958227deb6a0749f6143a282","Lyon","Devoteam","DTC - Consultant Big Data H/F","https://jobs.smartrecruiters.com/Devoteam/743999700439504-dtc-consultant-big-data-h-f","Full-time","Management Consulting","Entry Level","big data","2019-11-25 10:48:03","smart_recruiters"
"0875c6cbe4658807c0a07e8899281b55","Lyon","Zenika","developpeuse-developpeur-full-stack-javascript-lyon_lyon","https://www.welcometothejungle.co/companies/zenika/jobs/developpeuse-developpeur-full-stack-javascript-lyon_lyon","Full-Time","IT / Digital","2 years","devops","2019-10-01 10:54:59.613","wttj"
"51f6d5e66f4d5ae2633e4b9569bc73d6","Lyon","Zenika","developpeuse-developpeur-full-stack-javascript-lyon_lyon","https://www.welcometothejungle.co/companies/zenika/jobs/developpeuse-developpeur-full-stack-javascript-lyon_lyon","Full-Time","IT / Digital","2 years","devops","2019-10-01 10:54:59.613","wttj"
"210eee5b013bd21070ca6b4a876ff325","Lyon","Zenika","developpeuse-developpeur-front-end-lyon_lyon","https://www.welcometothejungle.co/companies/zenika/jobs/developpeuse-developpeur-front-end-lyon_lyon","Full-Time","IT / Digital","2 years","devops","2019-10-01 10:51:57.604","wttj"
"f0faa59776fa25c8c2209c34b9609991","Lyon","Zenika","developpeuse-developpeur-front-end-lyon_lyon","https://www.welcometothejungle.co/companies/zenika/jobs/developpeuse-developpeur-front-end-lyon_lyon","Full-Time","IT / Digital","2 years","devops","2019-10-01 10:51:57.604","wttj"
"6c6cec6e78625e2082ff6ca1876eb209","Lyon","Ubitransport","developpeur-php-back-end-h-f_lyon","https://www.welcometothejungle.co/companies/ubitransport/jobs/developpeur-php-back-end-h-f_lyon","Full-Time","Mobility Software","5 years","devops","2019-10-23 09:58:25.137","wttj"
"82dedf9ccf7d0313584ac443ddcb801a","Lyon","Ubitransport","developpeur-php-back-end-h-f_lyon","https://www.welcometothejungle.co/companies/ubitransport/jobs/developpeur-php-back-end-h-f_lyon","Full-Time","Mobility Software","5 years","devops","2019-10-23 09:58:25.137","wttj"
"aaea45889e6d5d889aa9281950e98790","Lyon","EXPERTIME","consultant-net-solutions-cloud-azure-h-f-cdi_lyon","https://www.welcometothejungle.co/companies/expertime/jobs/consultant-net-solutions-cloud-azure-h-f-cdi_lyon","Full-Time","E-commerce IT / Digital","2 years","devops","2019-10-21 14:27:30.436","wttj"
"7c4bf62989632d7267f85a046a188a3a","Lyon","EXPERTIME","consultant-net-solutions-cloud-azure-h-f-cdi_lyon","https://www.welcometothejungle.co/companies/expertime/jobs/consultant-net-solutions-cloud-azure-h-f-cdi_lyon","Full-Time","E-commerce IT / Digital","2 years","devops","2019-10-21 14:27:30.436","wttj"
"3e05890b47f5e98e6b251ca09a5f124c","Lyon","ASI","Stage de 6 mois - Consultant BI - DATA - Big Data (H/F)","https://jobs.smartrecruiters.com/ASIFR/743999698037969-stage-de-6-mois-consultant-bi-data-big-data-h-f-","Intern","Information Technology And Services","Internship","big data","2019-10-24 13:01:46","smart_recruiters"
"cecf77ce86fe0a348032bb9165e8fec8","Lyon","Devoteam","Consultant Big Data H/F","https://jobs.smartrecruiters.com/Devoteam/743999697608395-consultant-big-data-h-f","Full-time","Management Consulting","Entry Level","big data","2019-10-18 07:22:23","smart_recruiters"
"21f07e050fb2c053e32a7a4c9adf9504","Lyon","ASI","Stage DATA - BI - DATAVIZ (H/F)","https://jobs.smartrecruiters.com/ASIFR/743999698079642-stage-data-bi-dataviz-h-f-","Full-time","Information Services","Internship","data engineer","2019-10-24 18:13:22","smart_recruiters"
"775b8f26e1a0380f3d150560b3ffff35","Lyon","ASI","Stage DATA - BI - DATAVIZ (H/F)","https://jobs.smartrecruiters.com/ASIFR/743999699752220-stage-data-bi-dataviz-h-f-","Full-time","Information Services","Internship","data engineer","2019-11-15 15:22:41","smart_recruiters"
"b877e2a5a1bd78d8c4252100f6b66f50","Lyon","Devoteam","Ingénieur DevOps H/F","https://jobs.smartrecruiters.com/Devoteam/743999697277298-ingenieur-devops-h-f","Full-time","Management Consulting","Entry Level","devops","2019-10-14 14:08:45","smart_recruiters"
"d371d9809463719814ef8179a46dc1dd","Lyon","ASI","Consultant BI / Data Intelligence Confirmé (H/F)","https://jobs.smartrecruiters.com/ASIFR/743999699748260-consultant-bi-data-intelligence-confirme-h-f-","Full-time","Information Services","Mid-Senior Level","data engineer","2019-11-15 15:04:16","smart_recruiters"
"3fa3928e1a2158413ce0994673d3b82f","Lyon","adthink-media","OFFRE DE STAGE (H/F) : MACHINE LEARNING - DATA SCIENTIST",NULL,"stage","marketing_et_publicite","Master, Titre d'ingénieur, Bac +5","data scientist","2019-10-31 10:38:20","wizbii"
"95f3674c0eddc1c0658924cbe8dc57ef","Lyon","edf","Stage cesure - DATA SCIENTIST - H/F ","https://diffuseur.kimladi.fr/offre/58442dc9d3fead0aaad68f9e852e3d81 ",NULL,"petrole_et_energie",NULL,"data scientist","2019-10-09 21:24:48","wizbii"
"ad8e94f930c28293fa9ee559887fdc78","Lyon","caisse-d-epargne","DATASCIENTIST - LYON","https://recrutement.bpce.fr/emploi/lyon/datascientist-lyon/4841/12588302","cdi",NULL,NULL,"data scientist","2019-07-18 10:56:52","wizbii"
"3d52896b44314d289376cb3e058fc29f","Lyon","adthink-media","OFFRE DE STAGE (H/F) : MACHINE LEARNING - DATA SCIENTIST",NULL,"stage","marketing_et_publicite","Master, Titre d'ingénieur, Bac +5","data scientist","2019-11-06 11:53:01","wizbii"
"073fd32471d1cee33d3fffe5a7794dd3","Lyon","Devoteam","DTC - Consultant Big Data H/F","https://jobs.smartrecruiters.com/Devoteam/743999702708672-dtc-consultant-big-data-h-f","Full-time","Management Consulting","Entry Level","big data","2019-12-24 08:57:40","smart_recruiters"
"4c38941b68846bd8ba080543fe9e043d","Lyon","zenika","Consultant DevOps F/H","https://jobs.zenika.com/postule/","cdi","technologies_et_services_de_l_information",NULL,"devops","2019-02-27 15:33:21","wizbii"
"7a8ad94d246c01e1e572fe8fb42dfa11","Lyon","solutec","Consultant DevOps H/F","https://solutec.contactrh.com/jobs/4529/31031556","cdi",NULL,NULL,"devops","2019-09-03 08:07:27","wizbii"
"480c01a575b309d30cce8412591e905c","Lyon","capgemini","Ingénieur DevOps H/F – Lyon ","https://www.capgemini.com/fr-fr/jobs/ingenieur-devops-h-f-lyon/","cdi",NULL,NULL,"devops","2019-05-14 19:00:43","wizbii"
"42ec393f4545ae760058acbdf88ab9c7","Lyon","gfi-informatique","Ingénieur système Cloud « Opération IT orchestration et industrialisation (SysOps/DevOps) » H/F","https://www.gfi.world/fr/carriere/talentsoft/offre?reference=2018-16657","cdi","reseaux_informatiques",NULL,"devops","2018-12-14 17:48:55","wizbii"
"727532669a529d510e54c320e2977ce8","Lyon","sii","STD/0419 - Stagiaire DevOps (H/F)","http://www.groupe-sii.com/fr/offres_emploi/5815","stage","technologies_et_services_de_l_information",NULL,"devops","2018-11-03 00:47:03","wizbii"
"dd3813712481a9df8bbd1da3ff45e474","Lyon","econocom","Ingénieur DEVOPS H/F ","https://carrieres.econocom.com/offres/ingenieur-devops-hf-0","cdi","reseaux_informatiques",NULL,"devops","2017-06-02 19:19:15","wizbii"
"77b9e92a1e1a38641485083cf4bc54aa","Lyon","hommes-et-valeurs","Chef de Projets IT Méthodes & Qualité H/F Basé à Lyon",NULL,"cdi",NULL,"Master, Titre d'ingénieur, Bac +5","devops","2019-07-03 16:49:01","wizbii"
"6bcbdc26a3924f6713a63adab61b6aa3","Lyon","adthink-media","OFFRE DE STAGE (H/F) : MACHINE LEARNING - DATA SCIENTIST",NULL,"stage","marketing_et_publicite","Master, Titre d'ingénieur, Bac +5","data scientist","2019-11-15 09:40:02","wizbii"
"429fb8705bcad3673c2bf252092abef0","Lyon","ASI","Consultant BI / Data Intelligence (H/F)","https://jobs.smartrecruiters.com/ASIFR/743999701894863-consultant-bi-data-intelligence-h-f-","Full-time","Information Services","Mid-Senior Level","data engineer","2019-12-11 14:34:33","smart_recruiters"
"9f69cf266f2840960b0b83f831e63bbc","Lyon","Gfi","data-scientist-h-f_lyon","https://www.welcometothejungle.co/companies/gfi-informatique/jobs/data-scientist-h-f_lyon","Internship","IT / Digital","0 years","data scientist","2019-11-07 16:46:43.535","wttj"
"29cd82f7b1e67d8a81700742a6f2d8d9","Lyon","ASI","Consultant BI / Data Intelligence Confirmé (H/F)","https://jobs.smartrecruiters.com/ASIFR/743999701529588-consultant-bi-data-intelligence-confirme-h-f-","Full-time","Information Services","Mid-Senior Level","data engineer","2019-12-06 16:41:36","smart_recruiters"
"ad27741d6197f7fc159087cd5dea0212","Lyon","ASI","Stage de 6 mois - Consultant BI - DATA - Big Data (H/F)","https://jobs.smartrecruiters.com/ASIFR/743999699536394-stage-de-6-mois-consultant-bi-data-big-data-h-f-","Intern","Information Technology And Services","Internship","big data","2019-11-13 15:28:35","smart_recruiters"
"e54e4e63c123531bd97d0753002585b6","Lyon","adthink-media","OFFRE DE STAGE (H/F) : MACHINE LEARNING - DATA SCIENTIST",NULL,"stage","marketing_et_publicite","Master, Titre d'ingénieur, Bac +5","data scientist","2019-12-18 10:37:48","wizbii"
"daf36766e654b7a32372fe3e87b3ee81","Lyon","Zenika","experte-expert-devops-cloud-lyon_lyon","https://www.welcometothejungle.co/companies/zenika/jobs/experte-expert-devops-cloud-lyon_lyon","Full-Time","IT / Digital","7 years","devops","2019-11-12 18:46:49.012","wttj"
"f56ac0732c199d1af685fc1fba5276dc","Lyon","Zenika","experte-expert-devops-cloud-lyon_lyon","https://www.welcometothejungle.co/companies/zenika/jobs/experte-expert-devops-cloud-lyon_lyon","Full-Time","IT / Digital","7 years","devops","2019-11-12 18:46:49.012","wttj"
"469506ff2c4de1408456933963a7dcb0","Lyon","Zenika","consultante-consultant-devops-cloud-lyon_lyon","https://www.welcometothejungle.co/companies/zenika/jobs/consultante-consultant-devops-cloud-lyon_lyon","Full-Time","IT / Digital","4 years","devops","2019-11-12 18:33:07.48","wttj"
"b7978418ec572198cc4f3a1d143a4e06","Lyon","Zenika","consultante-consultant-devops-cloud-lyon_lyon","https://www.welcometothejungle.co/companies/zenika/jobs/consultante-consultant-devops-cloud-lyon_lyon","Full-Time","IT / Digital","4 years","devops","2019-11-12 18:33:07.48","wttj"
"b421311412e0731ebf7bfa36782eb339","Lyon","Batch","site-reliability-engineer-sre_lyon","https://www.welcometothejungle.co/companies/batch/jobs/site-reliability-engineer-sre_lyon","Full-Time","Mobile Apps SaaS / Cloud Services AdTech / MarTech","1 years","devops","2019-11-15 16:41:02.997","wttj"
"5c25f223e068acbc676e16ab5bd0a458","Lyon","Zenika","data-ingenieur-e-lyon_lyon","https://www.welcometothejungle.co/companies/zenika/jobs/data-ingenieur-e-lyon_lyon","Full-Time","IT / Digital","3 years","big data","2019-11-12 18:39:12.135","wttj"
"cb9d94fa191fb1dda926fdc68de3704e","Lyon","Zenika","data-ingenieur-e-lyon_lyon","https://www.welcometothejungle.co/companies/zenika/jobs/data-ingenieur-e-lyon_lyon","Full-Time","IT / Digital","3 years","big data","2019-11-12 18:39:12.135","wttj"
"445ebdd8b737966a2eaad0a3173016cf","Lyon","Synolia","ingenieur-dev0ps-h-f_lyon_SYNOL_wyLDmmR","https://www.welcometothejungle.co/companies/synolia/jobs/ingenieur-dev0ps-h-f_lyon_SYNOL_wyLDmmR","Full-Time","Digital Marketing / Data Marketing IT / Digital","1 years","devops","2019-12-16 12:47:46.237","wttj"
"934ef98d0d3c64932af4f441e8a81014","Lyon","D2SI","cloud-aws-devops-lyon_lyon","https://www.welcometothejungle.co/companies/d2si/jobs/cloud-aws-devops-lyon_lyon","Full-Time","IT / Digital SaaS / Cloud Services","5 years","devops","2019-12-12 16:13:05.785","wttj"
"f7354743c2bfa4421eb64933317c2150","Lyon","EXPERTIME","architecte-cloud-micro-services-h-f-lyon-cdi_lyon","https://www.welcometothejungle.co/companies/expertime/jobs/architecte-cloud-micro-services-h-f-lyon-cdi_lyon","Full-Time","IT / Digital E-commerce","5 years","devops","2019-12-09 18:56:30.674","wttj"
"7b2184e61129d8a7d79bdc450ba410d7","Lyon","EXPERTIME","architecte-cloud-micro-services-h-f-lyon-cdi_lyon","https://www.welcometothejungle.co/companies/expertime/jobs/architecte-cloud-micro-services-h-f-lyon-cdi_lyon","Full-Time","IT / Digital E-commerce","5 years","devops","2019-12-09 18:56:30.674","wttj"
"d55ca36c28848d8ebb1f25091ff7f7f1","Lyon","evoteo","data-engineer-scala-h-f-lyon_lyon_EVOTE_qM3oAp5","https://www.welcometothejungle.co/companies/evoteo/jobs/data-engineer-scala-h-f-lyon_lyon_EVOTE_qM3oAp5","Full-Time","IT / Digital Artificial Intelligence / Machine Learning Big Data","2 years","data engineer","2019-11-05 18:44:20.108","wttj"
"eb8450d3c8ae9e18128abca4ceeb197f","Lyon","evoteo","data-engineer-scala-h-f-lyon_lyon_EVOTE_qM3oAp5","https://www.welcometothejungle.co/companies/evoteo/jobs/data-engineer-scala-h-f-lyon_lyon_EVOTE_qM3oAp5","Full-Time","IT / Digital Artificial Intelligence / Machine Learning Big Data","2 years","data engineer","2019-11-05 18:44:20.108","wttj"
"60569f68d14541cd3baf395129371acf","Lyon","Datawok","data-engineer_lyon","https://www.welcometothejungle.co/companies/datawok/jobs/data-engineer_lyon","Full-Time","Software Artificial Intelligence / Machine Learning Big Data","1 years","data engineer","2019-11-04 16:26:02.519","wttj"
"46190eda8b6d55c6ec0535d7fad84f4e","Lyon","Adfab","devops-h-f_lyon_ADFAB_eoRgy0Z","https://www.welcometothejungle.co/companies/adfab/jobs/devops-h-f_lyon_ADFAB_eoRgy0Z","Full-Time","IT / Digital Digital","4 years","devops","2019-11-05 17:35:10.619","wttj"
"1278cdc917da9efd988c48f83652e116","Lyon","evoteo","devops-h-f-lyon_lyon","https://www.welcometothejungle.co/companies/evoteo/jobs/devops-h-f-lyon_lyon","Full-Time","IT / Digital Artificial Intelligence / Machine Learning Big Data","3 years","devops","2019-11-05 11:51:31.926","wttj"
"0ce98cf9a13d75a68f2f28fc30c0585b","Lyon","evoteo","devops-h-f-lyon_lyon","https://www.welcometothejungle.co/companies/evoteo/jobs/devops-h-f-lyon_lyon","Full-Time","IT / Digital Artificial Intelligence / Machine Learning Big Data","3 years","devops","2019-11-05 11:51:31.926","wttj"
"c5d6005e4a32ff0d6f5fdeceab375fcb","Lyon","Very Up","project-manager-formateur-concepteur-blended_lyon","https://www.welcometothejungle.co/companies/very-up/jobs/project-manager-formateur-concepteur-blended_lyon","Full-Time","Big Data Education Job Training","0 years","big data","2019-12-16 19:20:39.833","wttj"
"66ec23e4f5d38fe52876f318c42be092","Lyon","Gfi","ingenieur-systeme-h-f_lyon","https://www.welcometothejungle.co/companies/gfi-informatique/jobs/ingenieur-systeme-h-f_lyon","Full-Time","IT / Digital","2 years","devops","2019-11-28 12:10:57.472","wttj"
"a6698eaa2e41a34a1e412acf38da3f7c","Lyon","Very Up","formateur-lyon_lyon","https://www.welcometothejungle.co/companies/very-up/jobs/formateur-lyon_lyon","Full-Time","Big Data Education Job Training","2 years","big data","2019-12-10 09:23:49.389","wttj"
"45d3e2a1d6c65ffd665118471a09aa67","Lyon","Very Up","consultant-formations-innovantes_lyon","https://www.welcometothejungle.co/companies/very-up/jobs/consultant-formations-innovantes_lyon","Full-Time","Big Data Education Job Training","0 years","big data","2019-11-10 19:28:44.029","wttj"
"efffb6fd964a09b5d04b292ab934bcb7","Lyon","Devoteam","DTC - Ingénieur DevOps H/F","https://jobs.smartrecruiters.com/Devoteam/743999702707627-dtc-ingenieur-devops-h-f","Full-time","Management Consulting","Entry Level","devops","2019-12-24 08:32:40","smart_recruiters"
"9091b2ee5e6fd6607ee8174b88c28131","Lyon","KLANIK","data-scientist_lyon","https://www.welcometothejungle.co/companies/klanik/jobs/data-scientist_lyon","Full-Time","Software IT / Digital Job Training","3 years","data scientist","2019-11-18 17:06:42.256","wttj"
"4c257e061998445431a7bb43125097b4","Lyon","KLANIK","developpeur-fullstack-js-node-js-react-vuejs_lyon","https://www.welcometothejungle.co/companies/klanik/jobs/developpeur-fullstack-js-node-js-react-vuejs_lyon","Full-Time","Software IT / Digital Job Training","1 years","devops","2019-12-04 10:51:35.1","wttj"
"c05874f7432e903d872f44a95d8df125","Lyon","Agicap","technical-talent-recruiter_lyon","https://www.welcometothejungle.co/companies/agicap/jobs/technical-talent-recruiter_lyon","Full-Time","SaaS / Cloud Services","2 years","devops","2019-11-29 19:29:14.84","wttj"
"9703bd54bcdf7efdc17dc32bea99b9ec","Lyon","Agicap","technical-talent-recruiter_lyon","https://www.welcometothejungle.co/companies/agicap/jobs/technical-talent-recruiter_lyon","Full-Time","SaaS / Cloud Services","2 years","devops","2019-11-29 19:29:14.84","wttj"
"9e508be88cd75ed16bcaf44b77a93e80","Lyon","vinci","PFE Data Scientist - Big Data - IOT F/H ","https://jobs.vinci.com/job/lyon/pfe-data-scientist-big-data-iot-f-h/14755/14414759","stage",NULL,NULL,"big data","2019-12-09 11:17:29","wizbii"
"1dd4b33fd234a705cad013b0665f10b4","Lyon","Zenika","tech-lead-fullstack-f-h-lyon_lyon","https://www.welcometothejungle.co/companies/zenika/jobs/tech-lead-fullstack-f-h-lyon_lyon","Full-Time","IT / Digital","4 years","devops","2019-11-12 19:39:59.144","wttj"
"c925e86138e9bb5dd876daca7792cdba","Lyon","Zenika","tech-lead-fullstack-f-h-lyon_lyon","https://www.welcometothejungle.co/companies/zenika/jobs/tech-lead-fullstack-f-h-lyon_lyon","Full-Time","IT / Digital","4 years","devops","2019-11-12 19:39:59.144","wttj"
"08e6b573ae5d4a28c051adb4face540a","Lyon","Zenika","tech-lead-java-f-h-lyon_lyon","https://www.welcometothejungle.co/companies/zenika/jobs/tech-lead-java-f-h-lyon_lyon","Full-Time","IT / Digital","4 years","devops","2019-11-12 19:47:35.341","wttj"
"cc8a0bd9352e0dce9df2a75511b1358f","Lyon","Zenika","tech-lead-java-f-h-lyon_lyon","https://www.welcometothejungle.co/companies/zenika/jobs/tech-lead-java-f-h-lyon_lyon","Full-Time","IT / Digital","4 years","devops","2019-11-12 19:47:35.341","wttj"
"fef63e9b3b97846484f05b53a4cc1292","Lyon","sopra-steria1430865906","Ingénieur - Big Data - Energy & Utilities - Lyon ","https://www.soprasteria.fr/carrieres/rejoignez-nous/offres-emploi/offre-d-emploi/1007395_1574174888","cdi","telecommunications",NULL,"big data","2019-11-23 11:16:18","wizbii"
"d893454481d80bddf0327add0d4b18b8","Lyon","Zenika","experte-expert-technique-java-lyon_lyon","https://www.welcometothejungle.co/companies/zenika/jobs/experte-expert-technique-java-lyon_lyon","Full-Time","IT / Digital","7 years","devops","2019-11-12 19:04:39.855","wttj"
"333852da5f8f910527cb6ef0091c174a","Lyon","Zenika","experte-expert-technique-java-lyon_lyon","https://www.welcometothejungle.co/companies/zenika/jobs/experte-expert-technique-java-lyon_lyon","Full-Time","IT / Digital","7 years","devops","2019-11-12 19:04:39.855","wttj"
"aa46b9c547010ff5b130b837684e146b","Lyon","Zenika","tech-lead-front-end-f-h-lyon_lyon","https://www.welcometothejungle.co/companies/zenika/jobs/tech-lead-front-end-f-h-lyon_lyon","Full-Time","IT / Digital","4 years","devops","2019-11-12 19:32:54.105","wttj"
"087a9b76ed004c628e4481a8609a5430","Lyon","Zenika","tech-lead-front-end-f-h-lyon_lyon","https://www.welcometothejungle.co/companies/zenika/jobs/tech-lead-front-end-f-h-lyon_lyon","Full-Time","IT / Digital","4 years","devops","2019-11-12 19:32:54.105","wttj"
"e733e6f092dfe430898dc86c7cc022f9","Lyon","Zenika","experte-expert-technique-front-end-lyon_lyon","https://www.welcometothejungle.co/companies/zenika/jobs/experte-expert-technique-front-end-lyon_lyon","Full-Time","IT / Digital","7 years","devops","2019-11-12 18:57:37.064","wttj"
"beb8d1277996afdbe85c63b8d144744c","Lyon","Zenika","experte-expert-technique-front-end-lyon_lyon","https://www.welcometothejungle.co/companies/zenika/jobs/experte-expert-technique-front-end-lyon_lyon","Full-Time","IT / Digital","7 years","devops","2019-11-12 18:57:37.064","wttj"
"4613b9669c36fde444e54047cbcac81a","Lyon","Keyrus","data-engineer-h-f_lyon","https://www.welcometothejungle.co/companies/keyrus/jobs/data-engineer-h-f_lyon","Full-Time","IT / Digital Organization / Management Big Data","1 years","data engineer","2019-12-16 15:28:16.434","wttj"
"8a5a002273ebb45344015512cfdd41da","Lyon","BCM Energy","data-engineer_lyon_BE_Jky2Awb","https://www.welcometothejungle.co/companies/bcm-energy/jobs/data-engineer_lyon_BE_Jky2Awb","Full-Time","Environment / Sustainable Development Energy","3 years","data engineer","2019-12-10 13:36:00.022","wttj"
"c1cf8b096c402a65f8c6410c061e005e","Lyon","BCM Energy","data-engineer_lyon_BE_Jky2Awb","https://www.welcometothejungle.co/companies/bcm-energy/jobs/data-engineer_lyon_BE_Jky2Awb","Full-Time","Environment / Sustainable Development Energy","3 years","data engineer","2019-12-10 13:36:00.022","wttj"
"f51eb4b601048ca33528d143b240410e","Lyon","Synolia","consultant-etl-interfaces-applicatives-h-f_lyon_SYNOL_o676kWQ","https://www.welcometothejungle.co/companies/synolia/jobs/consultant-etl-interfaces-applicatives-h-f_lyon_SYNOL_o676kWQ","Full-Time","Digital Marketing / Data Marketing IT / Digital","1 years","data engineer","2019-12-16 12:47:24.728","wttj"
"bc7baec2e1b36a7c70ad7b718ee4308f","Lyon","Keyrus","stagiaire-data-intelligence-modern-bi-h-f-lyon_lyon","https://www.welcometothejungle.co/companies/keyrus/jobs/stagiaire-data-intelligence-modern-bi-h-f-lyon_lyon","Internship","IT / Digital Organization / Management Big Data","0 years","data engineer","2019-11-20 11:57:27.835","wttj"
"ec65a8cd51d403ecbfecbca2ea074a35","Lyon","Mantu","process-engineer_lyon","https://www.welcometothejungle.co/companies/mantu/jobs/process-engineer_lyon","Internship","Software IT / Digital Organization / Management","0 years","data engineer","2019-12-18 10:19:49.364","wttj"
"ffd07bb4c8a1668cfebaafecb92fa304","Lyon","Finalcad","devops-engineer_lyon","https://www.welcometothejungle.co/companies/finalcad/jobs/devops-engineer_lyon","Full-Time","Mobile Apps Big Data Building / Public Works","0 years","data engineer","2019-12-03 10:03:07.132","wttj"
"1eb68663ba42a7351d2ba2c018d14617","Lyon","Finalcad","devops-engineer_lyon","https://www.welcometothejungle.co/companies/finalcad/jobs/devops-engineer_lyon","Full-Time","Mobile Apps Big Data Building / Public Works","0 years","data engineer","2019-12-03 10:03:07.132","wttj"
"3a988478421e2af037880449bd5aeff0","Lyon","Finalcad","devops-engineer_lyon","https://www.welcometothejungle.co/companies/finalcad/jobs/devops-engineer_lyon","Full-Time","Mobile Apps Big Data Building / Public Works","0 years","data engineer","2019-12-03 10:03:07.132","wttj"
"e609baf96436e12e8269f5a817060bc1","Lyon","Finalcad","devops-engineer_lyon","https://www.welcometothejungle.co/companies/finalcad/jobs/devops-engineer_lyon","Full-Time","Mobile Apps Big Data Building / Public Works","0 years","data engineer","2019-12-03 10:03:07.132","wttj"
"e20efaa4b0df53e70384e130050f8328","Lyon","Finalcad","devops-engineer_lyon","https://www.welcometothejungle.co/companies/finalcad/jobs/devops-engineer_lyon","Full-Time","Mobile Apps Big Data Building / Public Works","0 years","data engineer","2019-12-03 10:03:07.132","wttj"
"84c03e75bfad2bdf4cbe31c61919aad8","Lyon","Finalcad","production-support-engineer_lyon","https://www.welcometothejungle.co/companies/finalcad/jobs/production-support-engineer_lyon","Full-Time","Mobile Apps Big Data Building / Public Works","0 years","data engineer","2019-12-03 10:10:20.203","wttj"
"2ea375a5cac98e4f70b18fe2e798459e","Lyon","Finalcad","production-support-engineer_lyon","https://www.welcometothejungle.co/companies/finalcad/jobs/production-support-engineer_lyon","Full-Time","Mobile Apps Big Data Building / Public Works","0 years","data engineer","2019-12-03 10:10:20.203","wttj"
"f2b0f3be551adeb30878d61797518592","Lyon","Finalcad","production-support-engineer_lyon","https://www.welcometothejungle.co/companies/finalcad/jobs/production-support-engineer_lyon","Full-Time","Mobile Apps Big Data Building / Public Works","0 years","data engineer","2019-12-03 10:10:20.203","wttj"
"87e99cb41a7f0d3aae39cc9293e7a6af","Lyon","Finalcad","production-support-engineer_lyon","https://www.welcometothejungle.co/companies/finalcad/jobs/production-support-engineer_lyon","Full-Time","Mobile Apps Big Data Building / Public Works","0 years","data engineer","2019-12-03 10:10:20.203","wttj"
"e2ad9987c61073637ab32925eb37ace9","Lyon","Finalcad","production-support-engineer_lyon","https://www.welcometothejungle.co/companies/finalcad/jobs/production-support-engineer_lyon","Full-Time","Mobile Apps Big Data Building / Public Works","0 years","data engineer","2019-12-03 10:10:20.203","wttj"
"855ee55a03a1a71cd330a528178d8038","Lyon","Finalcad","production-support-engineer_lyon","https://www.welcometothejungle.co/companies/finalcad/jobs/production-support-engineer_lyon","Full-Time","Mobile Apps Big Data Building / Public Works","0 years","data engineer","2019-12-03 10:10:20.203","wttj"
"bcb14ea5988e9905c2317ae9855cd1e3","Lyon","Malt","developpeur-se-back-java-mongodb-elasticsearch-rabbitmq-etc-lyon_lyon","https://www.welcometothejungle.co/companies/hopwork/jobs/developpeur-se-back-java-mongodb-elasticsearch-rabbitmq-etc-lyon_lyon","Full-Time","Recruitment","0 years","data engineer","2019-12-02 10:07:59.474","wttj"
"b2fdb2b90daea994849ff263473877b3","Lyon","Malt","developpeur-se-back-java-mongodb-elasticsearch-rabbitmq-etc-lyon_lyon","https://www.welcometothejungle.co/companies/hopwork/jobs/developpeur-se-back-java-mongodb-elasticsearch-rabbitmq-etc-lyon_lyon","Full-Time","Recruitment","0 years","data engineer","2019-12-02 10:07:59.474","wttj"
"028652da62c0501345aec58d5a7f586a","Lyon","Malt","developpeur-se-back-java-mongodb-elasticsearch-rabbitmq-etc-lyon_lyon","https://www.welcometothejungle.co/companies/hopwork/jobs/developpeur-se-back-java-mongodb-elasticsearch-rabbitmq-etc-lyon_lyon","Full-Time","Recruitment","0 years","data engineer","2019-12-02 10:07:59.474","wttj"
"766fffbce6df09dec9dc6162b5939e2f","Lyon","Malt","developpeur-se-back-java-mongodb-elasticsearch-rabbitmq-etc-lyon_lyon","https://www.welcometothejungle.co/companies/hopwork/jobs/developpeur-se-back-java-mongodb-elasticsearch-rabbitmq-etc-lyon_lyon","Full-Time","Recruitment","0 years","data engineer","2019-12-02 10:07:59.474","wttj"
"b34cff524491c8e03edbbafce7ae251a","Lyon","Malt","developpeur-se-back-java-mongodb-elasticsearch-rabbitmq-etc-lyon_lyon","https://www.welcometothejungle.co/companies/hopwork/jobs/developpeur-se-back-java-mongodb-elasticsearch-rabbitmq-etc-lyon_lyon","Full-Time","Recruitment","0 years","data engineer","2019-12-02 10:07:59.474","wttj"
"c892dc12f4c6b60e26e7f9ebbd18bb3c","Lyon","Malt","developpeur-se-back-java-mongodb-elasticsearch-rabbitmq-etc-lyon_lyon","https://www.welcometothejungle.co/companies/hopwork/jobs/developpeur-se-back-java-mongodb-elasticsearch-rabbitmq-etc-lyon_lyon","Full-Time","Recruitment","0 years","data engineer","2019-12-02 10:07:59.474","wttj"
"8023e5a0f7201958b25bf11234487ded","Lyon","GitBook","software-engineer_lyon","https://www.welcometothejungle.co/companies/gitbook/jobs/software-engineer_lyon","Full-Time","Software IT / Digital SaaS / Cloud Services","0 years","data engineer","2019-11-13 15:33:01.143","wttj"
"9954130df16eb9a0d0286bb44e33151b","Lyon","Creative IT","ingenieur-devops-h-f_lyon","https://www.welcometothejungle.co/companies/creative-it/jobs/ingenieur-devops-h-f_lyon","Full-Time","Software","3 years","devops","2019-12-20 08:36:48.878","wttj"
"bf76e9263f3ebd8bacfad247825f3c2d","Lyon","Zenika","data-ingenieur-e-lyon_lyon_ZENIK_OrRW7bk","https://www.welcometothejungle.co/companies/zenika/jobs/data-ingenieur-e-lyon_lyon_ZENIK_OrRW7bk","Full-Time","IT / Digital","3 years","big data","2020-01-07 09:27:25.367","wttj"
"2c7d98882d59af17e1be072deba4eb40","Lyon","Zenika","data-ingenieur-e-lyon_lyon_ZENIK_OrRW7bk","https://www.welcometothejungle.co/companies/zenika/jobs/data-ingenieur-e-lyon_lyon_ZENIK_OrRW7bk","Full-Time","IT / Digital","3 years","big data","2020-01-07 09:27:25.367","wttj"
"e8af3dfe3bcdb5cce4631ba08f99cc19","Lyon","EDF","stage-ingenieur-informatique-h-f_lyon","https://www.welcometothejungle.co/companies/edf/jobs/stage-ingenieur-informatique-h-f_lyon","Internship","Energy","0 years","devops","2019-10-22 20:41:27.482","wttj"
"d9a3fe76883ab0a85668d9967f96857a","Lyon","Planète OUI","data-engineer_lyon_BE_Jky2Awb","https://www.welcometothejungle.co/companies/bcm-energy/jobs/data-engineer_lyon_BE_Jky2Awb","Full-Time","Environment / Sustainable Development Energy","3 years","data engineer","2019-12-10 13:36:00.022","wttj"
"8b5b501e874b38da4de3b87f6d4f69bc","Lyon","Planète OUI","data-engineer_lyon_BE_Jky2Awb","https://www.welcometothejungle.co/companies/bcm-energy/jobs/data-engineer_lyon_BE_Jky2Awb","Full-Time","Environment / Sustainable Development Energy","3 years","data engineer","2019-12-10 13:36:00.022","wttj"
"ceb30c9c5f32be976d6449c294d72006","Lyon","Adfab","devops-h-f_lyon_ADFAB_WLq8PpV","https://www.welcometothejungle.co/companies/adfab/jobs/devops-h-f_lyon_ADFAB_WLq8PpV","Full-Time","IT / Digital Digital","4 years","devops","2020-01-06 11:03:51.003","wttj"
"f9cd8aa7623d4652401c2e6b1b4626ec","Lyon","Daveo","devops_lyon","https://www.welcometothejungle.co/companies/daveo/jobs/devops_lyon","Full-Time","Organization / Management Strategy Change Management","2 years","devops","2019-12-30 11:28:56.861","wttj"
"7723468dfe4cb7e2dc18b293a21fee99","Lyon","ASI","Consultant BI / Data Intelligence (H/F)","https://jobs.smartrecruiters.com/ASIFR/743999703751815-consultant-bi-data-intelligence-h-f-","Full-time","Information Services","Not Applicable","data engineer","2020-01-09 11:56:31","smart_recruiters"
"c6dd11e6f53cb087e7c918118215669e","Lyon","adthink-media","OFFRE DE STAGE (H/F) : MACHINE LEARNING - DATA SCIENTIST",NULL,"stage","marketing_et_publicite","Master, Titre d'ingénieur, Bac +5","data scientist","2020-01-02 11:08:09","wizbii"
"96b40ffae94692839d63c408e4621f28","Lyon","Very Up","creative-dev-front-integrateur_lyon","https://www.welcometothejungle.co/companies/very-up/jobs/creative-dev-front-integrateur_lyon","Full-Time","Big Data Education Job Training","2 years","big data","2019-12-29 19:18:44.057","wttj"
"55b45568c11a52a23856ca65b59770b0","Lyon","Very Up","developpeur-front-end-tres-bon-en-javascript_lyon","https://www.welcometothejungle.co/companies/very-up/jobs/developpeur-front-end-tres-bon-en-javascript_lyon","Full-Time","Big Data Education Job Training","2 years","big data","2019-12-29 18:58:32.055","wttj"
"4397a0814a612666301286917356ba7c","Lyon","Ipsos","chef-de-groupe-healthcare_lyon","https://www.welcometothejungle.co/companies/ipsos/jobs/chef-de-groupe-healthcare_lyon","Full-Time","Strategy Big Data Marketing / Communications","3 years","big data","2020-01-16 12:05:08.881","wttj"
"8fc45e5ba6d03b34816f2476952cea0f","Lyon","Ipsos","chef-de-groupe-healthcare_lyon","https://www.welcometothejungle.co/companies/ipsos/jobs/chef-de-groupe-healthcare_lyon","Full-Time","Strategy Big Data Marketing / Communications","3 years","big data","2020-01-16 12:05:08.881","wttj"
"fb600e6df6ef0ff58d9f629547609a65","Lyon","DataGalaxy","architecte-datascientist_lyon","https://www.welcometothejungle.co/companies/datagalaxy/jobs/architecte-datascientist_lyon","Full-Time","Digital Marketing / Data Marketing IT / Digital SaaS / Cloud Services","5 years","data scientist","2020-01-02 15:21:25.036","wttj"
"8d2092785f1bbb9748ddfac93e74a60d","Lyon","Synolia","consultant-etl-interfaces-applicatives-h-f_lyon_SYNOL_P3ZbMol","https://www.welcometothejungle.co/companies/synolia/jobs/consultant-etl-interfaces-applicatives-h-f_lyon_SYNOL_P3ZbMol","Full-Time","Digital Marketing / Data Marketing IT / Digital","1 years","data engineer","2020-01-20 14:40:56.936","wttj"
"1318d84bf672719be447a3317bdbe9c1","Lyon","Mantu","treasury-analyst_lyon","https://www.welcometothejungle.co/companies/mantu/jobs/treasury-analyst_lyon","Internship","Software IT / Digital Organization / Management","0 years","data engineer","2019-12-18 10:56:06.575","wttj"
"78342d042095ff7339215e25f1cb1526","Lyon","Planète OUI","devops-planete-oui_lyon","https://www.welcometothejungle.co/companies/bcm-energy/jobs/devops-planete-oui_lyon","Full-Time","Environment / Sustainable Development Energy","1 years","devops","2020-01-21 18:43:17.571","wttj"
"66874f2f02b6c3249fe56772649665a7","Lyon","Planète OUI","devops-planete-oui_lyon","https://www.welcometothejungle.co/companies/bcm-energy/jobs/devops-planete-oui_lyon","Full-Time","Environment / Sustainable Development Energy","1 years","devops","2020-01-21 18:43:17.571","wttj"
"3d575109f9cb840c0fc6e223df16b420","Lyon","Creative IT","ingenieur-devops-h-f_lyon_CI_dA37Zr7","https://www.welcometothejungle.co/companies/creative-it/jobs/ingenieur-devops-h-f_lyon_CI_dA37Zr7","Full-Time","Software","3 years","devops","2020-01-12 11:05:58.988","wttj"
"1d3239b41298d6a8ca1358cdf31aa24e","Lyon","Zenika","experte-expert-devops-cloud-lyon_lyon_ZENIK_3OMaLr5","https://www.welcometothejungle.co/companies/zenika/jobs/experte-expert-devops-cloud-lyon_lyon_ZENIK_3OMaLr5","Full-Time","IT / Digital","7 years","devops","2020-01-07 09:29:27.248","wttj"
"26b58e7913707e050b94c8bf1f68fd49","Lyon","Zenika","experte-expert-devops-cloud-lyon_lyon_ZENIK_3OMaLr5","https://www.welcometothejungle.co/companies/zenika/jobs/experte-expert-devops-cloud-lyon_lyon_ZENIK_3OMaLr5","Full-Time","IT / Digital","7 years","devops","2020-01-07 09:29:27.248","wttj"
"2fbbee78a6cf8fa50f92de58ab0fb2ad","Lyon","Zenika","consultante-consultant-devops-cloud-lyon_lyon_ZENIK_4K0eNQp","https://www.welcometothejungle.co/companies/zenika/jobs/consultante-consultant-devops-cloud-lyon_lyon_ZENIK_4K0eNQp","Full-Time","IT / Digital","4 years","devops","2020-01-07 09:26:47.66","wttj"
"19043d384334a52eb2db4c5547640381","Lyon","Zenika","consultante-consultant-devops-cloud-lyon_lyon_ZENIK_4K0eNQp","https://www.welcometothejungle.co/companies/zenika/jobs/consultante-consultant-devops-cloud-lyon_lyon_ZENIK_4K0eNQp","Full-Time","IT / Digital","4 years","devops","2020-01-07 09:26:47.66","wttj"
"de48e58d9be7803c42e6048eec8fe256","Lyon","Gfi","technicien-d-exploitation-h-f_lyon","https://www.welcometothejungle.co/companies/gfi-informatique/jobs/technicien-d-exploitation-h-f_lyon","Full-Time","IT / Digital","1 years","devops","2020-01-24 11:12:55.426","wttj"
"6af8cb82fdcc0c19b6452855896f5362","Lyon","Paritel","technicien-reseaux-et-telecom-h-f-lyon-69_lyon","https://www.welcometothejungle.co/companies/paritel/jobs/technicien-reseaux-et-telecom-h-f-lyon-69_lyon","Full-Time","Electronics / Telecommunications","0 years","devops","2020-01-17 10:53:51.8","wttj"
"de2e1842c7a7ead08d296a2f7163085a","Lyon","Synolia","ingenieur-dev0ps-h-f_lyon_SYNOL_DmbZAyG","https://www.welcometothejungle.co/companies/synolia/jobs/ingenieur-dev0ps-h-f_lyon_SYNOL_DmbZAyG","Full-Time","Digital Marketing / Data Marketing IT / Digital","1 years","devops","2020-01-13 17:16:17.325","wttj"
"ab5298fcdeb84a1fd5fb0d8804be2e61","Lyon","OZITEM","ingenieur-reseaux-et-securite-h-f_lyon","https://www.welcometothejungle.co/companies/ozitem/jobs/ingenieur-reseaux-et-securite-h-f_lyon","Full-Time","IT / Digital SaaS / Cloud Services","1 years","devops","2020-01-07 11:35:37.639","wttj"
"793fe388643566f694d38efb48271126","Lyon","Keplr","automation-engineer_lyon","https://www.welcometothejungle.co/companies/keplr/jobs/automation-engineer_lyon","Full-Time","Software E-commerce FoodTech","2 years","devops","2020-01-06 12:12:30.096","wttj"
"53fa33e6cc131c7602972c4fbadcbaf5","Lyon","Zenika","tech-lead-fullstack-f-h-lyon_lyon_ZENIK_VGbNdex","https://www.welcometothejungle.co/companies/zenika/jobs/tech-lead-fullstack-f-h-lyon_lyon_ZENIK_VGbNdex","Full-Time","IT / Digital","4 years","devops","2020-01-07 09:33:05.664","wttj"
"d6d0efdcb568511198f4bc8a889e6b26","Lyon","Zenika","tech-lead-fullstack-f-h-lyon_lyon_ZENIK_VGbNdex","https://www.welcometothejungle.co/companies/zenika/jobs/tech-lead-fullstack-f-h-lyon_lyon_ZENIK_VGbNdex","Full-Time","IT / Digital","4 years","devops","2020-01-07 09:33:05.664","wttj"
"5837312a5a901a93638fb8f393aba33e","Lyon","Zenika","tech-lead-java-f-h-lyon_lyon_ZENIK_K61bAKJ","https://www.welcometothejungle.co/companies/zenika/jobs/tech-lead-java-f-h-lyon_lyon_ZENIK_K61bAKJ","Full-Time","IT / Digital","4 years","devops","2020-01-07 09:33:57.544","wttj"
"01bd9e40cc139fb4426ed039f40d4165","Lyon","Zenika","tech-lead-java-f-h-lyon_lyon_ZENIK_K61bAKJ","https://www.welcometothejungle.co/companies/zenika/jobs/tech-lead-java-f-h-lyon_lyon_ZENIK_K61bAKJ","Full-Time","IT / Digital","4 years","devops","2020-01-07 09:33:57.544","wttj"
"5c1b0968769b19862d30e41520a65aca","Lyon","Zenika","experte-expert-technique-java-lyon_lyon_ZENIK_jVMqWA6","https://www.welcometothejungle.co/companies/zenika/jobs/experte-expert-technique-java-lyon_lyon_ZENIK_jVMqWA6","Full-Time","IT / Digital","7 years","devops","2020-01-07 09:31:12.462","wttj"
"f6af32fb64d42c3268a8f88baa3e2bf6","Lyon","Zenika","experte-expert-technique-java-lyon_lyon_ZENIK_jVMqWA6","https://www.welcometothejungle.co/companies/zenika/jobs/experte-expert-technique-java-lyon_lyon_ZENIK_jVMqWA6","Full-Time","IT / Digital","7 years","devops","2020-01-07 09:31:12.462","wttj"
"65d911eeed165a2be59274fd83397010","Lyon","Zenika","tech-lead-front-end-f-h-lyon_lyon_ZENIK_mJX3y0V","https://www.welcometothejungle.co/companies/zenika/jobs/tech-lead-front-end-f-h-lyon_lyon_ZENIK_mJX3y0V","Full-Time","IT / Digital","4 years","devops","2020-01-07 09:32:05.709","wttj"
"a39c8423d99862066368565d0189e60e","Lyon","Zenika","tech-lead-front-end-f-h-lyon_lyon_ZENIK_mJX3y0V","https://www.welcometothejungle.co/companies/zenika/jobs/tech-lead-front-end-f-h-lyon_lyon_ZENIK_mJX3y0V","Full-Time","IT / Digital","4 years","devops","2020-01-07 09:32:05.709","wttj"
"352b80ff68a834b8d6747fdd938b9c99","Lyon","Zenika","experte-expert-technique-front-end-lyon_lyon_ZENIK_LapxwOQ","https://www.welcometothejungle.co/companies/zenika/jobs/experte-expert-technique-front-end-lyon_lyon_ZENIK_LapxwOQ","Full-Time","IT / Digital","7 years","devops","2020-01-07 09:30:24.446","wttj"
"99a2681ca0371ee27ba47d51e3bf453c","Lyon","Zenika","experte-expert-technique-front-end-lyon_lyon_ZENIK_LapxwOQ","https://www.welcometothejungle.co/companies/zenika/jobs/experte-expert-technique-front-end-lyon_lyon_ZENIK_LapxwOQ","Full-Time","IT / Digital","7 years","devops","2020-01-07 09:30:24.446","wttj"
